0 verbose cli C:\Program Files\nodejs\node.exe C:\Program Files\nodejs\node_modules\npm\bin\npm-cli.js
1 info using npm@11.6.2
2 info using node@v24.13.0
3 silly config load:file:C:\Program Files\nodejs\node_modules\npm\npmrc
4 silly config load:file:C:\APP\Lunatierra\frontend\.npmrc
5 silly config load:file:C:\Users\abdia\.npmrc
6 silly config load:file:C:\Users\abdia\AppData\Roaming\npm\etc\npmrc
7 verbose title npm install
8 verbose argv "install" "--cache" ".npm-cache"
9 verbose logfile logs-max:10 dir:C:\APP\Lunatierra\frontend\.npm-cache\_logs\2026-03-18T05_28_00_740Z-
10 verbose logfile C:\APP\Lunatierra\frontend\.npm-cache\_logs\2026-03-18T05_28_00_740Z-debug-0.log
11 silly logfile done cleaning log files
12 silly packumentCache heap:4496293888 maxSize:1124073472 maxEntrySize:562036736
13 silly idealTree buildDeps
14 silly fetch manifest react@^18.3.1
15 silly packumentCache full:https://registry.npmjs.org/react cache-miss
16 http fetch GET 200 https://registry.npmjs.org/npm 424ms
17 http fetch GET 200 https://registry.npmjs.org/react 563ms (cache miss)
18 silly packumentCache full:https://registry.npmjs.org/react set size:undefined disposed:false
19 silly fetch manifest react-dom@^18.3.1
20 silly packumentCache full:https://registry.npmjs.org/react-dom cache-miss
21 http fetch GET 200 https://registry.npmjs.org/react-dom 367ms (cache miss)
22 silly packumentCache full:https://registry.npmjs.org/react-dom set size:undefined disposed:false
23 silly fetch manifest @vitejs/plugin-react@^4.3.4
24 silly packumentCache full:https://registry.npmjs.org/@vitejs%2fplugin-react cache-miss
25 http fetch GET 200 https://registry.npmjs.org/@vitejs%2fplugin-react 92ms (cache miss)
26 silly packumentCache full:https://registry.npmjs.org/@vitejs%2fplugin-react set size:undefined disposed:false
27 silly fetch manifest vite@^6.0.1
28 silly packumentCache full:https://registry.npmjs.org/vite cache-miss
29 http fetch GET 200 https://registry.npmjs.org/vite 888ms (cache miss)
30 silly packumentCache full:https://registry.npmjs.org/vite set size:undefined disposed:false
31 silly fetch manifest @types/node@^18.0.0 || ^20.0.0 || >=22.0.0
32 silly packumentCache full:https://registry.npmjs.org/@types%2fnode cache-miss
33 http fetch GET 200 https://registry.npmjs.org/@types%2fnode 282ms (cache miss)
34 silly packumentCache full:https://registry.npmjs.org/@types%2fnode set size:undefined disposed:false
35 silly fetch manifest jiti@>=1.21.0
36 silly packumentCache full:https://registry.npmjs.org/jiti cache-miss
37 http fetch GET 200 https://registry.npmjs.org/jiti 81ms (cache miss)
38 silly packumentCache full:https://registry.npmjs.org/jiti set size:undefined disposed:false
39 silly fetch manifest less@*
40 silly packumentCache full:https://registry.npmjs.org/less cache-miss
41 http fetch GET 200 https://registry.npmjs.org/less 97ms (cache miss)
42 silly packumentCache full:https://registry.npmjs.org/less set size:undefined disposed:false
43 silly fetch manifest lightningcss@^1.21.0
44 silly packumentCache full:https://registry.npmjs.org/lightningcss cache-miss
45 http fetch GET 200 https://registry.npmjs.org/lightningcss 85ms (cache miss)
46 silly packumentCache full:https://registry.npmjs.org/lightningcss set size:undefined disposed:false
47 silly fetch manifest sass@*
48 silly packumentCache full:https://registry.npmjs.org/sass cache-miss
49 http fetch GET 200 https://registry.npmjs.org/sass 93ms (cache miss)
50 silly packumentCache full:https://registry.npmjs.org/sass set size:undefined disposed:false
51 silly fetch manifest sass-embedded@*
52 silly packumentCache full:https://registry.npmjs.org/sass-embedded cache-miss
53 http fetch GET 200 https://registry.npmjs.org/sass-embedded 73ms (cache miss)
54 silly packumentCache full:https://registry.npmjs.org/sass-embedded set size:undefined disposed:false
55 silly fetch manifest stylus@*
56 silly packumentCache full:https://registry.npmjs.org/stylus cache-miss
57 http fetch GET 200 https://registry.npmjs.org/stylus 70ms (cache miss)
58 silly packumentCache full:https://registry.npmjs.org/stylus set size:undefined disposed:false
59 silly fetch manifest sugarss@*
60 silly packumentCache full:https://registry.npmjs.org/sugarss cache-miss
61 http fetch GET 200 https://registry.npmjs.org/sugarss 67ms (cache miss)
62 silly packumentCache full:https://registry.npmjs.org/sugarss set size:undefined disposed:false
63 silly fetch manifest postcss@^8.4.49
64 silly packumentCache full:https://registry.npmjs.org/postcss cache-miss
65 http fetch GET 200 https://registry.npmjs.org/postcss 84ms (cache miss)
66 silly packumentCache full:https://registry.npmjs.org/postcss set size:undefined disposed:false
67 silly fetch manifest terser@^5.16.0
68 silly packumentCache full:https://registry.npmjs.org/terser cache-miss
69 http fetch GET 200 https://registry.npmjs.org/terser 126ms (cache miss)
70 silly packumentCache full:https://registry.npmjs.org/terser set size:undefined disposed:false
71 silly fetch manifest tsx@^4.8.1
72 silly packumentCache full:https://registry.npmjs.org/tsx cache-miss
73 http fetch GET 200 https://registry.npmjs.org/tsx 71ms (cache miss)
74 silly packumentCache full:https://registry.npmjs.org/tsx set size:undefined disposed:false
75 silly fetch manifest yaml@^2.4.2
76 silly packumentCache full:https://registry.npmjs.org/yaml cache-miss
77 http fetch GET 200 https://registry.npmjs.org/yaml 72ms (cache miss)
78 silly packumentCache full:https://registry.npmjs.org/yaml set size:undefined disposed:false
79 silly fetch manifest autoprefixer@^10.4.20
80 silly packumentCache full:https://registry.npmjs.org/autoprefixer cache-miss
81 http fetch GET 200 https://registry.npmjs.org/autoprefixer 105ms (cache miss)
82 silly packumentCache full:https://registry.npmjs.org/autoprefixer set size:undefined disposed:false
83 silly fetch manifest tailwindcss@^3.4.17
84 silly packumentCache full:https://registry.npmjs.org/tailwindcss cache-miss
85 http fetch GET 200 https://registry.npmjs.org/tailwindcss 258ms (cache miss)
86 silly packumentCache full:https://registry.npmjs.org/tailwindcss set size:undefined disposed:false
87 silly placeDep ROOT @vitejs/plugin-react@4.7.0 OK for: lunatierra-frontend@0.0.0 want: ^4.3.4
88 silly placeDep ROOT vite@6.4.1 OK for: @vitejs/plugin-react@4.7.0 want: ^4.2.0 || ^5.0.0 || ^6.0.0 || ^7.0.0
89 silly placeDep ROOT autoprefixer@10.4.27 OK for: lunatierra-frontend@0.0.0 want: ^10.4.20
90 silly placeDep ROOT postcss@8.5.8 OK for: autoprefixer@10.4.27 want: ^8.1.0
91 silly placeDep ROOT react@18.3.1 OK for: lunatierra-frontend@0.0.0 want: ^18.3.1
92 silly placeDep ROOT react-dom@18.3.1 OK for: lunatierra-frontend@0.0.0 want: ^18.3.1
93 silly placeDep ROOT tailwindcss@3.4.19 OK for: lunatierra-frontend@0.0.0 want: ^3.4.17
94 silly fetch manifest @babel/core@^7.28.0
95 silly packumentCache full:https://registry.npmjs.org/@babel%2fcore cache-miss
96 silly fetch manifest react-refresh@^0.17.0
97 silly packumentCache full:https://registry.npmjs.org/react-refresh cache-miss
98 silly fetch manifest @types/babel__core@^7.20.5
99 silly packumentCache full:https://registry.npmjs.org/@types%2fbabel__core cache-miss
100 silly fetch manifest @rolldown/pluginutils@1.0.0-beta.27
101 silly packumentCache full:https://registry.npmjs.org/@rolldown%2fpluginutils cache-miss
102 silly fetch manifest @babel/plugin-transform-react-jsx-self@^7.27.1
103 silly packumentCache full:https://registry.npmjs.org/@babel%2fplugin-transform-react-jsx-self cache-miss
104 silly fetch manifest @babel/plugin-transform-react-jsx-source@^7.27.1
105 silly packumentCache full:https://registry.npmjs.org/@babel%2fplugin-transform-react-jsx-source cache-miss
106 silly fetch manifest fdir@^6.4.4
107 silly packumentCache full:https://registry.npmjs.org/fdir cache-miss
108 silly fetch manifest rollup@^4.34.9
109 silly packumentCache full:https://registry.npmjs.org/rollup cache-miss
110 silly fetch manifest esbuild@^0.25.0
111 silly packumentCache full:https://registry.npmjs.org/esbuild cache-miss
112 silly fetch manifest postcss@^8.5.3
113 silly packumentCache full:https://registry.npmjs.org/postcss cache-miss
114 silly fetch manifest picomatch@^4.0.2
115 silly packumentCache full:https://registry.npmjs.org/picomatch cache-miss
116 http cache https://registry.npmjs.org/postcss 45ms (cache hit)
117 silly packumentCache full:https://registry.npmjs.org/postcss set size:702266 disposed:false
118 silly fetch manifest tinyglobby@^0.2.13
119 silly packumentCache full:https://registry.npmjs.org/tinyglobby cache-miss
120 http fetch GET 200 https://registry.npmjs.org/@types%2fbabel__core 175ms (cache miss)
121 silly packumentCache full:https://registry.npmjs.org/@types%2fbabel__core set size:undefined disposed:false
122 silly fetch manifest fsevents@~2.3.3
123 silly packumentCache full:https://registry.npmjs.org/fsevents cache-miss
124 http fetch GET 200 https://registry.npmjs.org/picomatch 268ms (cache miss)
125 silly packumentCache full:https://registry.npmjs.org/picomatch set size:undefined disposed:false
126 silly fetch manifest browserslist@^4.28.1
127 silly packumentCache full:https://registry.npmjs.org/browserslist cache-miss
128 http fetch GET 200 https://registry.npmjs.org/fsevents 129ms (cache miss)
129 silly packumentCache full:https://registry.npmjs.org/fsevents set size:undefined disposed:false
130 silly fetch manifest caniuse-lite@^1.0.30001774
131 silly packumentCache full:https://registry.npmjs.org/caniuse-lite cache-miss
132 http fetch GET 200 https://registry.npmjs.org/tinyglobby 258ms (cache miss)
133 silly packumentCache full:https://registry.npmjs.org/tinyglobby set size:undefined disposed:false
134 silly fetch manifest fraction.js@^5.3.4
135 silly packumentCache full:https://registry.npmjs.org/fraction.js cache-miss
136 http fetch GET 200 https://registry.npmjs.org/@rolldown%2fpluginutils 318ms (cache miss)
137 silly packumentCache full:https://registry.npmjs.org/@rolldown%2fpluginutils set size:undefined disposed:false
138 silly fetch manifest picocolors@^1.1.1
139 silly packumentCache full:https://registry.npmjs.org/picocolors cache-miss
140 http fetch GET 200 https://registry.npmjs.org/fdir 338ms (cache miss)
141 silly packumentCache full:https://registry.npmjs.org/fdir set size:undefined disposed:false
142 silly fetch manifest postcss-value-parser@^4.2.0
143 silly packumentCache full:https://registry.npmjs.org/postcss-value-parser cache-miss
144 http fetch GET 200 https://registry.npmjs.org/@babel%2fcore 347ms (cache miss)
145 silly packumentCache full:https://registry.npmjs.org/@babel%2fcore set size:undefined disposed:false
146 silly fetch manifest nanoid@^3.3.11
147 silly packumentCache full:https://registry.npmjs.org/nanoid cache-miss
148 http fetch GET 200 https://registry.npmjs.org/fraction.js 96ms (cache miss)
149 silly packumentCache full:https://registry.npmjs.org/fraction.js set size:undefined disposed:false
150 silly fetch manifest picocolors@^1.1.1
151 silly packumentCache full:https://registry.npmjs.org/picocolors cache-miss
152 http fetch GET 200 https://registry.npmjs.org/picocolors 92ms (cache miss)
153 silly packumentCache full:https://registry.npmjs.org/picocolors set size:undefined disposed:false
154 silly fetch manifest source-map-js@^1.2.1
155 silly packumentCache full:https://registry.npmjs.org/source-map-js cache-miss
156 http fetch GET 200 https://registry.npmjs.org/@babel%2fplugin-transform-react-jsx-self 439ms (cache miss)
157 silly packumentCache full:https://registry.npmjs.org/@babel%2fplugin-transform-react-jsx-self set size:undefined disposed:false
158 silly fetch manifest loose-envify@^1.1.0
159 silly packumentCache full:https://registry.npmjs.org/loose-envify cache-miss
160 http cache https://registry.npmjs.org/picocolors 35ms (cache hit)
161 silly packumentCache full:https://registry.npmjs.org/picocolors set size:16648 disposed:false
162 silly fetch manifest scheduler@^0.23.2
163 silly packumentCache full:https://registry.npmjs.org/scheduler cache-miss
164 http fetch GET 200 https://registry.npmjs.org/browserslist 181ms (cache miss)
165 silly packumentCache full:https://registry.npmjs.org/browserslist set size:undefined disposed:false
166 silly fetch manifest loose-envify@^1.1.0
167 silly packumentCache full:https://registry.npmjs.org/loose-envify cache-miss
168 http fetch GET 200 https://registry.npmjs.org/esbuild 467ms (cache miss)
169 silly packumentCache full:https://registry.npmjs.org/esbuild set size:undefined disposed:false
170 silly fetch manifest arg@^5.0.2
171 silly packumentCache full:https://registry.npmjs.org/arg cache-miss
172 http fetch GET 200 https://registry.npmjs.org/@babel%2fplugin-transform-react-jsx-source 482ms (cache miss)
173 silly packumentCache full:https://registry.npmjs.org/@babel%2fplugin-transform-react-jsx-source set size:undefined disposed:false
174 silly fetch manifest dlv@^1.1.3
175 silly packumentCache full:https://registry.npmjs.org/dlv cache-miss
176 http fetch GET 200 https://registry.npmjs.org/source-map-js 79ms (cache miss)
177 silly packumentCache full:https://registry.npmjs.org/source-map-js set size:undefined disposed:false
178 silly fetch manifest jiti@^1.21.7
179 silly packumentCache full:https://registry.npmjs.org/jiti cache-miss
180 http cache https://registry.npmjs.org/jiti 15ms (cache hit)
181 silly packumentCache full:https://registry.npmjs.org/jiti set size:382310 disposed:false
182 silly fetch manifest is-glob@^4.0.3
183 silly packumentCache full:https://registry.npmjs.org/is-glob cache-miss
184 http fetch GET 200 https://registry.npmjs.org/react-refresh 521ms (cache miss)
185 silly packumentCache full:https://registry.npmjs.org/react-refresh set size:undefined disposed:false
186 silly fetch manifest resolve@^1.22.8
187 silly packumentCache full:https://registry.npmjs.org/resolve cache-miss
188 http fetch GET 200 https://registry.npmjs.org/postcss-value-parser 239ms (cache miss)
189 silly packumentCache full:https://registry.npmjs.org/postcss-value-parser set size:undefined disposed:false
190 silly fetch manifest sucrase@^3.35.0
191 silly packumentCache full:https://registry.npmjs.org/sucrase cache-miss
192 http fetch GET 200 https://registry.npmjs.org/is-glob 68ms (cache miss)
193 silly packumentCache full:https://registry.npmjs.org/is-glob set size:undefined disposed:false
194 silly fetch manifest chokidar@^3.6.0
195 silly packumentCache full:https://registry.npmjs.org/chokidar cache-miss
196 http fetch GET 200 https://registry.npmjs.org/arg 110ms (cache miss)
197 silly packumentCache full:https://registry.npmjs.org/arg set size:undefined disposed:false
198 silly fetch manifest fast-glob@^3.3.2
199 silly packumentCache full:https://registry.npmjs.org/fast-glob cache-miss
200 http fetch GET 200 https://registry.npmjs.org/nanoid 237ms (cache miss)
201 silly packumentCache full:https://registry.npmjs.org/nanoid set size:undefined disposed:false
202 silly fetch manifest lilconfig@^3.1.3
203 silly packumentCache full:https://registry.npmjs.org/lilconfig cache-miss
204 http fetch GET 200 https://registry.npmjs.org/loose-envify 151ms (cache miss)
205 silly packumentCache full:https://registry.npmjs.org/loose-envify set size:undefined disposed:false
206 silly fetch manifest didyoumean@^1.2.2
207 silly packumentCache full:https://registry.npmjs.org/didyoumean cache-miss
208 http fetch GET 200 https://registry.npmjs.org/loose-envify 173ms (cache miss)
209 silly packumentCache full:https://registry.npmjs.org/loose-envify set size:undefined disposed:false
210 silly fetch manifest micromatch@^4.0.8
211 silly packumentCache full:https://registry.npmjs.org/micromatch cache-miss
212 http fetch GET 200 https://registry.npmjs.org/caniuse-lite 322ms (cache miss)
213 silly packumentCache full:https://registry.npmjs.org/caniuse-lite set size:undefined disposed:false
214 silly fetch manifest postcss-js@^4.0.1
215 silly packumentCache full:https://registry.npmjs.org/postcss-js cache-miss
216 http fetch GET 200 https://registry.npmjs.org/rollup 652ms (cache miss)
217 silly packumentCache full:https://registry.npmjs.org/rollup set size:undefined disposed:false
218 silly fetch manifest glob-parent@^6.0.2
219 silly packumentCache full:https://registry.npmjs.org/glob-parent cache-miss
220 http fetch GET 200 https://registry.npmjs.org/dlv 257ms (cache miss)
221 silly packumentCache full:https://registry.npmjs.org/dlv set size:undefined disposed:false
222 silly fetch manifest object-hash@^3.0.0
223 silly packumentCache full:https://registry.npmjs.org/object-hash cache-miss
224 http fetch GET 200 https://registry.npmjs.org/didyoumean 141ms (cache miss)
225 silly packumentCache full:https://registry.npmjs.org/didyoumean set size:undefined disposed:false
226 silly fetch manifest normalize-path@^3.0.0
227 silly packumentCache full:https://registry.npmjs.org/normalize-path cache-miss
228 http fetch GET 200 https://registry.npmjs.org/resolve 198ms (cache miss)
229 silly packumentCache full:https://registry.npmjs.org/resolve set size:undefined disposed:false
230 silly fetch manifest postcss-import@^15.1.0
231 silly packumentCache full:https://registry.npmjs.org/postcss-import cache-miss
232 http fetch GET 200 https://registry.npmjs.org/fast-glob 177ms (cache miss)
233 silly packumentCache full:https://registry.npmjs.org/fast-glob set size:undefined disposed:false
234 silly fetch manifest postcss-nested@^6.2.0
235 silly packumentCache full:https://registry.npmjs.org/postcss-nested cache-miss
236 http fetch GET 200 https://registry.npmjs.org/lilconfig 177ms (cache miss)
237 silly packumentCache full:https://registry.npmjs.org/lilconfig set size:undefined disposed:false
238 silly fetch manifest @alloc/quick-lru@^5.2.0
239 silly packumentCache full:https://registry.npmjs.org/@alloc%2fquick-lru cache-miss
240 http fetch GET 200 https://registry.npmjs.org/micromatch 160ms (cache miss)
241 silly packumentCache full:https://registry.npmjs.org/micromatch set size:undefined disposed:false
242 silly fetch manifest postcss-load-config@^4.0.2 || ^5.0 || ^6.0
243 silly packumentCache full:https://registry.npmjs.org/postcss-load-config cache-miss
244 http fetch GET 200 https://registry.npmjs.org/chokidar 198ms (cache miss)
245 silly packumentCache full:https://registry.npmjs.org/chokidar set size:undefined disposed:false
246 silly fetch manifest postcss-selector-parser@^6.1.2
247 silly packumentCache full:https://registry.npmjs.org/postcss-selector-parser cache-miss
248 http fetch GET 200 https://registry.npmjs.org/glob-parent 79ms (cache miss)
249 silly packumentCache full:https://registry.npmjs.org/glob-parent set size:undefined disposed:false
250 http fetch GET 200 https://registry.npmjs.org/postcss-js 164ms (cache miss)
251 silly packumentCache full:https://registry.npmjs.org/postcss-js set size:undefined disposed:false
252 http fetch GET 200 https://registry.npmjs.org/object-hash 65ms (cache miss)
253 silly packumentCache full:https://registry.npmjs.org/object-hash set size:undefined disposed:false
254 http fetch GET 200 https://registry.npmjs.org/postcss-load-config 86ms (cache miss)
255 silly packumentCache full:https://registry.npmjs.org/postcss-load-config set size:undefined disposed:false
256 http fetch GET 200 https://registry.npmjs.org/sucrase 297ms (cache miss)
257 silly packumentCache full:https://registry.npmjs.org/sucrase set size:undefined disposed:false
258 http fetch GET 200 https://registry.npmjs.org/normalize-path 143ms (cache miss)
259 silly packumentCache full:https://registry.npmjs.org/normalize-path set size:undefined disposed:false
260 http fetch GET 200 https://registry.npmjs.org/postcss-nested 176ms (cache miss)
261 silly packumentCache full:https://registry.npmjs.org/postcss-nested set size:undefined disposed:false
262 http fetch GET 200 https://registry.npmjs.org/postcss-import 185ms (cache miss)
263 silly packumentCache full:https://registry.npmjs.org/postcss-import set size:undefined disposed:false
264 http fetch GET 200 https://registry.npmjs.org/postcss-selector-parser 165ms (cache miss)
265 silly packumentCache full:https://registry.npmjs.org/postcss-selector-parser set size:undefined disposed:false
266 http fetch GET 200 https://registry.npmjs.org/scheduler 515ms (cache miss)
267 silly packumentCache full:https://registry.npmjs.org/scheduler set size:undefined disposed:false
268 http fetch GET 200 https://registry.npmjs.org/@alloc%2fquick-lru 292ms (cache miss)
269 silly packumentCache full:https://registry.npmjs.org/@alloc%2fquick-lru set size:undefined disposed:false
270 silly placeDep ROOT @babel/core@7.29.0 OK for: @vitejs/plugin-react@4.7.0 want: ^7.28.0
271 silly placeDep ROOT @babel/plugin-transform-react-jsx-self@7.27.1 OK for: @vitejs/plugin-react@4.7.0 want: ^7.27.1
272 silly placeDep ROOT @babel/plugin-transform-react-jsx-source@7.27.1 OK for: @vitejs/plugin-react@4.7.0 want: ^7.27.1
273 silly placeDep ROOT @rolldown/pluginutils@1.0.0-beta.27 OK for: @vitejs/plugin-react@4.7.0 want: 1.0.0-beta.27
274 silly placeDep ROOT @types/babel__core@7.20.5 OK for: @vitejs/plugin-react@4.7.0 want: ^7.20.5
275 silly placeDep ROOT react-refresh@0.17.0 OK for: @vitejs/plugin-react@4.7.0 want: ^0.17.0
276 silly fetch manifest debug@^4.1.0
277 silly packumentCache full:https://registry.npmjs.org/debug cache-miss
278 silly fetch manifest json5@^2.2.3
279 silly packumentCache full:https://registry.npmjs.org/json5 cache-miss
280 silly fetch manifest semver@^6.3.1
281 silly packumentCache full:https://registry.npmjs.org/semver cache-miss
282 silly fetch manifest gensync@^1.0.0-beta.2
283 silly packumentCache full:https://registry.npmjs.org/gensync cache-miss
284 silly fetch manifest @babel/types@^7.29.0
285 silly packumentCache full:https://registry.npmjs.org/@babel%2ftypes cache-miss
286 silly fetch manifest @babel/parser@^7.29.0
287 silly packumentCache full:https://registry.npmjs.org/@babel%2fparser cache-miss
288 silly fetch manifest @babel/helpers@^7.28.6
289 silly packumentCache full:https://registry.npmjs.org/@babel%2fhelpers cache-miss
290 silly fetch manifest @babel/template@^7.28.6
291 silly packumentCache full:https://registry.npmjs.org/@babel%2ftemplate cache-miss
292 silly fetch manifest @babel/traverse@^7.29.0
293 silly packumentCache full:https://registry.npmjs.org/@babel%2ftraverse cache-miss
294 silly fetch manifest @babel/generator@^7.29.0
295 silly packumentCache full:https://registry.npmjs.org/@babel%2fgenerator cache-miss
296 silly fetch manifest @babel/code-frame@^7.29.0
297 silly packumentCache full:https://registry.npmjs.org/@babel%2fcode-frame cache-miss
298 http fetch GET 200 https://registry.npmjs.org/debug 72ms (cache miss)
299 silly packumentCache full:https://registry.npmjs.org/debug set size:undefined disposed:false
300 silly fetch manifest convert-source-map@^2.0.0
301 silly packumentCache full:https://registry.npmjs.org/convert-source-map cache-miss
302 http fetch GET 200 https://registry.npmjs.org/json5 79ms (cache miss)
303 silly packumentCache full:https://registry.npmjs.org/json5 set size:undefined disposed:false
304 silly fetch manifest @jridgewell/remapping@^2.3.5
305 silly packumentCache full:https://registry.npmjs.org/@jridgewell%2fremapping cache-miss
306 http fetch GET 200 https://registry.npmjs.org/gensync 93ms (cache miss)
307 silly packumentCache full:https://registry.npmjs.org/gensync set size:undefined disposed:false
308 silly fetch manifest @babel/helper-module-transforms@^7.28.6
309 silly packumentCache full:https://registry.npmjs.org/@babel%2fhelper-module-transforms cache-miss
310 http fetch GET 200 https://registry.npmjs.org/semver 104ms (cache miss)
311 silly packumentCache full:https://registry.npmjs.org/semver set size:undefined disposed:false
312 silly fetch manifest @babel/helper-compilation-targets@^7.28.6
313 silly packumentCache full:https://registry.npmjs.org/@babel%2fhelper-compilation-targets cache-miss
314 http fetch GET 200 https://registry.npmjs.org/@babel%2ftemplate 111ms (cache miss)
315 silly packumentCache full:https://registry.npmjs.org/@babel%2ftemplate set size:undefined disposed:false
316 silly fetch manifest @babel/helper-plugin-utils@^7.27.1
317 silly packumentCache full:https://registry.npmjs.org/@babel%2fhelper-plugin-utils cache-miss
318 http fetch GET 200 https://registry.npmjs.org/@babel%2fparser 118ms (cache miss)
319 silly packumentCache full:https://registry.npmjs.org/@babel%2fparser set size:undefined disposed:false
320 silly fetch manifest @babel/helper-plugin-utils@^7.27.1
321 silly packumentCache full:https://registry.npmjs.org/@babel%2fhelper-plugin-utils cache-miss
322 http fetch GET 200 https://registry.npmjs.org/@babel%2fcode-frame 191ms (cache miss)
323 silly packumentCache full:https://registry.npmjs.org/@babel%2fcode-frame set size:undefined disposed:false
324 silly fetch manifest @babel/types@^7.20.7
325 silly packumentCache full:https://registry.npmjs.org/@babel%2ftypes cache-miss
326 http fetch GET 200 https://registry.npmjs.org/@babel%2fhelpers 250ms (cache miss)
327 silly packumentCache full:https://registry.npmjs.org/@babel%2fhelpers set size:undefined disposed:false
328 silly fetch manifest @babel/parser@^7.20.7
329 silly packumentCache full:https://registry.npmjs.org/@babel%2fparser cache-miss
330 http fetch GET 200 https://registry.npmjs.org/convert-source-map 189ms (cache miss)
331 silly packumentCache full:https://registry.npmjs.org/convert-source-map set size:undefined disposed:false
332 silly fetch manifest @types/babel__template@*
333 silly packumentCache full:https://registry.npmjs.org/@types%2fbabel__template cache-miss
334 http cache https://registry.npmjs.org/@babel%2fparser 13ms (cache hit)
335 silly packumentCache full:https://registry.npmjs.org/@babel%2fparser set size:718758 disposed:false
336 silly fetch manifest @types/babel__traverse@*
337 silly packumentCache full:https://registry.npmjs.org/@types%2fbabel__traverse cache-miss
338 http fetch GET 200 https://registry.npmjs.org/@jridgewell%2fremapping 210ms (cache miss)
339 silly packumentCache full:https://registry.npmjs.org/@jridgewell%2fremapping set size:undefined disposed:false
340 silly fetch manifest @types/babel__generator@*
341 silly packumentCache full:https://registry.npmjs.org/@types%2fbabel__generator cache-miss
342 http fetch GET 200 https://registry.npmjs.org/@babel%2ftypes 301ms (cache miss)
343 silly packumentCache full:https://registry.npmjs.org/@babel%2ftypes set size:undefined disposed:false
344 http fetch GET 200 https://registry.npmjs.org/@babel%2fgenerator 306ms (cache miss)
345 silly packumentCache full:https://registry.npmjs.org/@babel%2fgenerator set size:undefined disposed:false
346 http fetch GET 200 https://registry.npmjs.org/@babel%2fhelper-module-transforms 220ms (cache miss)
347 silly packumentCache full:https://registry.npmjs.org/@babel%2fhelper-module-transforms set size:undefined disposed:false
348 http fetch GET 200 https://registry.npmjs.org/@babel%2ftraverse 318ms (cache miss)
349 silly packumentCache full:https://registry.npmjs.org/@babel%2ftraverse set size:undefined disposed:false
350 http fetch GET 200 https://registry.npmjs.org/@babel%2ftypes 150ms (cache miss)
351 silly packumentCache full:https://registry.npmjs.org/@babel%2ftypes set size:undefined disposed:false
352 http fetch GET 200 https://registry.npmjs.org/@babel%2fhelper-plugin-utils 227ms (cache miss)
353 silly packumentCache full:https://registry.npmjs.org/@babel%2fhelper-plugin-utils set size:undefined disposed:false
354 http fetch GET 200 https://registry.npmjs.org/@babel%2fhelper-compilation-targets 251ms (cache miss)
355 silly packumentCache full:https://registry.npmjs.org/@babel%2fhelper-compilation-targets set size:undefined disposed:false
356 http fetch GET 200 https://registry.npmjs.org/@types%2fbabel__template 117ms (cache miss)
357 silly packumentCache full:https://registry.npmjs.org/@types%2fbabel__template set size:undefined disposed:false
358 http fetch GET 200 https://registry.npmjs.org/@babel%2fhelper-plugin-utils 268ms (cache miss)
359 silly packumentCache full:https://registry.npmjs.org/@babel%2fhelper-plugin-utils set size:undefined disposed:false
360 http fetch GET 200 https://registry.npmjs.org/@types%2fbabel__generator 97ms (cache miss)
361 silly packumentCache full:https://registry.npmjs.org/@types%2fbabel__generator set size:undefined disposed:false
362 http fetch GET 200 https://registry.npmjs.org/@types%2fbabel__traverse 184ms (cache miss)
363 silly packumentCache full:https://registry.npmjs.org/@types%2fbabel__traverse set size:undefined disposed:false
364 silly fetch manifest @babel/core@^7.0.0
365 silly packumentCache full:https://registry.npmjs.org/@babel%2fcore cache-miss
366 http cache https://registry.npmjs.org/@babel%2fcore 14ms (cache hit)
367 silly packumentCache full:https://registry.npmjs.org/@babel%2fcore set size:760113 disposed:false
368 silly placeDep ROOT @babel/code-frame@7.29.0 OK for: @babel/core@7.29.0 want: ^7.29.0
369 silly placeDep ROOT @babel/generator@7.29.1 OK for: @babel/core@7.29.0 want: ^7.29.0
370 silly placeDep ROOT @babel/helper-compilation-targets@7.28.6 OK for: @babel/core@7.29.0 want: ^7.28.6
371 silly placeDep ROOT @babel/helper-module-transforms@7.28.6 OK for: @babel/core@7.29.0 want: ^7.28.6
372 silly placeDep ROOT @babel/helpers@7.29.2 OK for: @babel/core@7.29.0 want: ^7.28.6
373 silly placeDep ROOT @babel/parser@7.29.2 OK for: @babel/core@7.29.0 want: ^7.29.0
374 silly placeDep ROOT @babel/template@7.28.6 OK for: @babel/core@7.29.0 want: ^7.28.6
375 silly placeDep ROOT @babel/traverse@7.29.0 OK for: @babel/core@7.29.0 want: ^7.29.0
376 silly placeDep ROOT @babel/types@7.29.0 OK for: @babel/core@7.29.0 want: ^7.29.0
377 silly placeDep ROOT @jridgewell/remapping@2.3.5 OK for: @babel/core@7.29.0 want: ^2.3.5
378 silly placeDep ROOT convert-source-map@2.0.0 OK for: @babel/core@7.29.0 want: ^2.0.0
379 silly placeDep ROOT debug@4.4.3 OK for: @babel/core@7.29.0 want: ^4.1.0
380 silly placeDep ROOT gensync@1.0.0-beta.2 OK for: @babel/core@7.29.0 want: ^1.0.0-beta.2
381 silly placeDep ROOT json5@2.2.3 OK for: @babel/core@7.29.0 want: ^2.2.3
382 silly placeDep ROOT semver@6.3.1 OK for: @babel/core@7.29.0 want: ^6.3.1
383 silly fetch manifest js-tokens@^4.0.0
384 silly packumentCache full:https://registry.npmjs.org/js-tokens cache-miss
385 silly fetch manifest @babel/helper-validator-identifier@^7.28.5
386 silly packumentCache full:https://registry.npmjs.org/@babel%2fhelper-validator-identifier cache-miss
387 silly fetch manifest jsesc@^3.0.2
388 silly packumentCache full:https://registry.npmjs.org/jsesc cache-miss
389 silly fetch manifest @jridgewell/gen-mapping@^0.3.12
390 silly packumentCache full:https://registry.npmjs.org/@jridgewell%2fgen-mapping cache-miss
391 silly fetch manifest @jridgewell/trace-mapping@^0.3.28
392 silly packumentCache full:https://registry.npmjs.org/@jridgewell%2ftrace-mapping cache-miss
393 silly fetch manifest lru-cache@^5.1.1
394 silly packumentCache full:https://registry.npmjs.org/lru-cache cache-miss
395 silly fetch manifest browserslist@^4.24.0
396 silly packumentCache full:https://registry.npmjs.org/browserslist cache-miss
397 silly fetch manifest @babel/compat-data@^7.28.6
398 silly packumentCache full:https://registry.npmjs.org/@babel%2fcompat-data cache-miss
399 silly fetch manifest @babel/helper-validator-option@^7.27.1
400 silly packumentCache full:https://registry.npmjs.org/@babel%2fhelper-validator-option cache-miss
401 silly fetch manifest @babel/traverse@^7.28.6
402 silly packumentCache full:https://registry.npmjs.org/@babel%2ftraverse cache-miss
403 silly fetch manifest @babel/helper-module-imports@^7.28.6
404 silly packumentCache full:https://registry.npmjs.org/@babel%2fhelper-module-imports cache-miss
405 http cache https://registry.npmjs.org/@babel%2ftraverse 15ms (cache hit)
406 silly packumentCache full:https://registry.npmjs.org/@babel%2ftraverse set size:548722 disposed:false
407 silly fetch manifest @babel/helper-validator-identifier@^7.28.5
408 silly packumentCache full:https://registry.npmjs.org/@babel%2fhelper-validator-identifier cache-miss
409 http cache https://registry.npmjs.org/browserslist 22ms (cache hit)
410 silly packumentCache full:https://registry.npmjs.org/browserslist set size:502989 disposed:false
411 silly fetch manifest @babel/types@^7.28.6
412 silly packumentCache full:https://registry.npmjs.org/@babel%2ftypes cache-miss
413 http cache https://registry.npmjs.org/@babel%2ftypes 9ms (cache hit)
414 silly packumentCache full:https://registry.npmjs.org/@babel%2ftypes set size:487885 disposed:false
415 silly fetch manifest debug@^4.3.1
416 silly packumentCache full:https://registry.npmjs.org/debug cache-miss
417 http cache https://registry.npmjs.org/debug 7ms (cache hit)
418 silly packumentCache full:https://registry.npmjs.org/debug set size:195840 disposed:false
419 silly fetch manifest @babel/helper-globals@^7.28.0
420 silly packumentCache full:https://registry.npmjs.org/@babel%2fhelper-globals cache-miss
421 http fetch GET 200 https://registry.npmjs.org/jsesc 72ms (cache miss)
422 silly packumentCache full:https://registry.npmjs.org/jsesc set size:undefined disposed:false
423 silly fetch manifest @babel/helper-string-parser@^7.27.1
424 silly packumentCache full:https://registry.npmjs.org/@babel%2fhelper-string-parser cache-miss
425 http fetch GET 200 https://registry.npmjs.org/@jridgewell%2ftrace-mapping 102ms (cache miss)
426 silly packumentCache full:https://registry.npmjs.org/@jridgewell%2ftrace-mapping set size:undefined disposed:false
427 silly fetch manifest @babel/helper-validator-identifier@^7.28.5
428 silly packumentCache full:https://registry.npmjs.org/@babel%2fhelper-validator-identifier cache-miss
429 http fetch GET 200 https://registry.npmjs.org/lru-cache 105ms (cache miss)
430 silly packumentCache full:https://registry.npmjs.org/lru-cache set size:undefined disposed:false
431 silly fetch manifest @jridgewell/gen-mapping@^0.3.5
432 silly packumentCache full:https://registry.npmjs.org/@jridgewell%2fgen-mapping cache-miss
433 http fetch GET 200 https://registry.npmjs.org/js-tokens 155ms (cache miss)
434 silly packumentCache full:https://registry.npmjs.org/js-tokens set size:undefined disposed:false
435 silly fetch manifest @jridgewell/trace-mapping@^0.3.24
436 silly packumentCache full:https://registry.npmjs.org/@jridgewell%2ftrace-mapping cache-miss
437 http fetch GET 200 https://registry.npmjs.org/@jridgewell%2fgen-mapping 165ms (cache miss)
438 silly packumentCache full:https://registry.npmjs.org/@jridgewell%2fgen-mapping set size:undefined disposed:false
439 silly fetch manifest ms@^2.1.3
440 silly packumentCache full:https://registry.npmjs.org/ms cache-miss
441 http cache https://registry.npmjs.org/@jridgewell%2ftrace-mapping 22ms (cache hit)
442 silly packumentCache full:https://registry.npmjs.org/@jridgewell%2ftrace-mapping set size:170909 disposed:false
443 http fetch GET 200 https://registry.npmjs.org/@babel%2fhelper-validator-identifier 186ms (cache miss)
444 silly packumentCache full:https://registry.npmjs.org/@babel%2fhelper-validator-identifier set size:undefined disposed:false
445 http fetch GET 200 https://registry.npmjs.org/@babel%2fhelper-string-parser 116ms (cache miss)
446 silly packumentCache full:https://registry.npmjs.org/@babel%2fhelper-string-parser set size:undefined disposed:false
447 http fetch GET 200 https://registry.npmjs.org/@babel%2fhelper-validator-identifier 85ms (cache miss)
448 silly packumentCache full:https://registry.npmjs.org/@babel%2fhelper-validator-identifier set size:undefined disposed:false
449 http fetch GET 200 https://registry.npmjs.org/@babel%2fhelper-validator-option 189ms (cache miss)
450 silly packumentCache full:https://registry.npmjs.org/@babel%2fhelper-validator-option set size:undefined disposed:false
451 http fetch GET 200 https://registry.npmjs.org/@babel%2fhelper-validator-identifier 177ms (cache miss)
452 silly packumentCache full:https://registry.npmjs.org/@babel%2fhelper-validator-identifier set size:undefined disposed:false
453 http fetch GET 200 https://registry.npmjs.org/@babel%2fhelper-module-imports 199ms (cache miss)
454 silly packumentCache full:https://registry.npmjs.org/@babel%2fhelper-module-imports set size:undefined disposed:false
455 http fetch GET 200 https://registry.npmjs.org/@jridgewell%2fgen-mapping 92ms (cache miss)
456 silly packumentCache full:https://registry.npmjs.org/@jridgewell%2fgen-mapping set size:undefined disposed:false
457 http fetch GET 200 https://registry.npmjs.org/@babel%2fhelper-globals 158ms (cache miss)
458 silly packumentCache full:https://registry.npmjs.org/@babel%2fhelper-globals set size:undefined disposed:false
459 http fetch GET 200 https://registry.npmjs.org/ms 64ms (cache miss)
460 silly packumentCache full:https://registry.npmjs.org/ms set size:undefined disposed:false
461 http fetch GET 200 https://registry.npmjs.org/@babel%2fcompat-data 274ms (cache miss)
462 silly packumentCache full:https://registry.npmjs.org/@babel%2fcompat-data set size:undefined disposed:false
463 silly placeDep ROOT @babel/helper-validator-identifier@7.28.5 OK for: @babel/code-frame@7.29.0 want: ^7.28.5
464 silly placeDep ROOT js-tokens@4.0.0 OK for: @babel/code-frame@7.29.0 want: ^4.0.0
465 silly placeDep ROOT picocolors@1.1.1 OK for: @babel/code-frame@7.29.0 want: ^1.1.1
466 silly placeDep ROOT @jridgewell/gen-mapping@0.3.13 OK for: @babel/generator@7.29.1 want: ^0.3.12
467 silly placeDep ROOT @jridgewell/trace-mapping@0.3.31 OK for: @babel/generator@7.29.1 want: ^0.3.28
468 silly placeDep ROOT jsesc@3.1.0 OK for: @babel/generator@7.29.1 want: ^3.0.2
469 silly fetch manifest @jridgewell/sourcemap-codec@^1.5.0
470 silly packumentCache full:https://registry.npmjs.org/@jridgewell%2fsourcemap-codec cache-miss
471 silly fetch manifest @jridgewell/resolve-uri@^3.1.0
472 silly packumentCache full:https://registry.npmjs.org/@jridgewell%2fresolve-uri cache-miss
473 silly fetch manifest @jridgewell/sourcemap-codec@^1.4.14
474 silly packumentCache full:https://registry.npmjs.org/@jridgewell%2fsourcemap-codec cache-miss
475 http fetch GET 200 https://registry.npmjs.org/@jridgewell%2fresolve-uri 100ms (cache miss)
476 silly packumentCache full:https://registry.npmjs.org/@jridgewell%2fresolve-uri set size:undefined disposed:false
477 http fetch GET 200 https://registry.npmjs.org/@jridgewell%2fsourcemap-codec 101ms (cache miss)
478 silly packumentCache full:https://registry.npmjs.org/@jridgewell%2fsourcemap-codec set size:undefined disposed:false
479 http fetch GET 200 https://registry.npmjs.org/@jridgewell%2fsourcemap-codec 104ms (cache miss)
480 silly packumentCache full:https://registry.npmjs.org/@jridgewell%2fsourcemap-codec set size:undefined disposed:false
481 silly placeDep ROOT @babel/compat-data@7.29.0 OK for: @babel/helper-compilation-targets@7.28.6 want: ^7.28.6
482 silly placeDep ROOT @babel/helper-validator-option@7.27.1 OK for: @babel/helper-compilation-targets@7.28.6 want: ^7.27.1
483 silly placeDep ROOT browserslist@4.28.1 OK for: @babel/helper-compilation-targets@7.28.6 want: ^4.24.0
484 silly placeDep ROOT lru-cache@5.1.1 OK for: @babel/helper-compilation-targets@7.28.6 want: ^5.1.1
485 silly fetch manifest baseline-browser-mapping@^2.9.0
486 silly packumentCache full:https://registry.npmjs.org/baseline-browser-mapping cache-miss
487 silly fetch manifest caniuse-lite@^1.0.30001759
488 silly packumentCache full:https://registry.npmjs.org/caniuse-lite cache-miss
489 silly fetch manifest electron-to-chromium@^1.5.263
490 silly packumentCache full:https://registry.npmjs.org/electron-to-chromium cache-miss
491 silly fetch manifest node-releases@^2.0.27
492 silly packumentCache full:https://registry.npmjs.org/node-releases cache-miss
493 silly fetch manifest update-browserslist-db@^1.2.0
494 silly packumentCache full:https://registry.npmjs.org/update-browserslist-db cache-miss
495 silly fetch manifest yallist@^3.0.2
496 silly packumentCache full:https://registry.npmjs.org/yallist cache-miss
497 http cache https://registry.npmjs.org/caniuse-lite 26ms (cache hit)
498 silly packumentCache full:https://registry.npmjs.org/caniuse-lite set size:2270921 disposed:false
499 http fetch GET 200 https://registry.npmjs.org/baseline-browser-mapping 74ms (cache miss)
500 silly packumentCache full:https://registry.npmjs.org/baseline-browser-mapping set size:undefined disposed:false
501 http fetch GET 200 https://registry.npmjs.org/update-browserslist-db 82ms (cache miss)
502 silly packumentCache full:https://registry.npmjs.org/update-browserslist-db set size:undefined disposed:false
503 http fetch GET 200 https://registry.npmjs.org/yallist 85ms (cache miss)
504 silly packumentCache full:https://registry.npmjs.org/yallist set size:undefined disposed:false
505 http fetch GET 200 https://registry.npmjs.org/node-releases 140ms (cache miss)
506 silly packumentCache full:https://registry.npmjs.org/node-releases set size:undefined disposed:false
507 http fetch GET 200 https://registry.npmjs.org/electron-to-chromium 331ms (cache miss)
508 silly packumentCache full:https://registry.npmjs.org/electron-to-chromium set size:undefined disposed:false
509 silly placeDep ROOT @babel/helper-module-imports@7.28.6 OK for: @babel/helper-module-transforms@7.28.6 want: ^7.28.6
510 silly placeDep ROOT @babel/helper-plugin-utils@7.28.6 OK for: @babel/plugin-transform-react-jsx-self@7.27.1 want: ^7.27.1
511 silly placeDep ROOT @babel/helper-globals@7.28.0 OK for: @babel/traverse@7.29.0 want: ^7.28.0
512 silly placeDep ROOT @babel/helper-string-parser@7.27.1 OK for: @babel/types@7.29.0 want: ^7.27.1
513 silly placeDep ROOT @jridgewell/sourcemap-codec@1.5.5 OK for: @jridgewell/gen-mapping@0.3.13 want: ^1.5.0
514 silly placeDep ROOT @jridgewell/resolve-uri@3.1.2 OK for: @jridgewell/trace-mapping@0.3.31 want: ^3.1.0
515 silly placeDep ROOT @types/babel__generator@7.27.0 OK for: @types/babel__core@7.20.5 want: *
516 silly placeDep ROOT @types/babel__template@7.4.4 OK for: @types/babel__core@7.20.5 want: *
517 silly placeDep ROOT @types/babel__traverse@7.28.0 OK for: @types/babel__core@7.20.5 want: *
518 silly placeDep ROOT caniuse-lite@1.0.30001780 OK for: autoprefixer@10.4.27 want: ^1.0.30001774
519 silly placeDep ROOT fraction.js@5.3.4 OK for: autoprefixer@10.4.27 want: ^5.3.4
520 silly placeDep ROOT postcss-value-parser@4.2.0 OK for: autoprefixer@10.4.27 want: ^4.2.0
521 silly fetch manifest browserslist@>= 4.21.0
522 silly packumentCache full:https://registry.npmjs.org/browserslist cache-hit
523 silly placeDep ROOT baseline-browser-mapping@2.10.8 OK for: browserslist@4.28.1 want: ^2.9.0
524 silly placeDep ROOT electron-to-chromium@1.5.313 OK for: browserslist@4.28.1 want: ^1.5.263
525 silly placeDep ROOT node-releases@2.0.36 OK for: browserslist@4.28.1 want: ^2.0.27
526 silly placeDep ROOT update-browserslist-db@1.2.3 OK for: browserslist@4.28.1 want: ^1.2.0
527 silly fetch manifest escalade@^3.2.0
528 silly packumentCache full:https://registry.npmjs.org/escalade cache-miss
529 http fetch GET 200 https://registry.npmjs.org/escalade 67ms (cache miss)
530 silly packumentCache full:https://registry.npmjs.org/escalade set size:undefined disposed:false
531 silly placeDep ROOT ms@2.1.3 OK for: debug@4.4.3 want: ^2.1.3
532 silly placeDep ROOT yallist@3.1.1 OK for: lru-cache@5.1.1 want: ^3.0.2
533 silly placeDep ROOT nanoid@3.3.11 OK for: postcss@8.5.8 want: ^3.3.11
534 silly placeDep ROOT source-map-js@1.2.1 OK for: postcss@8.5.8 want: ^1.2.1
535 silly placeDep ROOT loose-envify@1.4.0 OK for: react@18.3.1 want: ^1.1.0
536 silly placeDep ROOT scheduler@0.23.2 OK for: react-dom@18.3.1 want: ^0.23.2
537 silly fetch manifest postcss@^8.4.47
538 silly packumentCache full:https://registry.npmjs.org/postcss cache-hit
539 silly placeDep ROOT @alloc/quick-lru@5.2.0 OK for: tailwindcss@3.4.19 want: ^5.2.0
540 silly placeDep ROOT arg@5.0.2 OK for: tailwindcss@3.4.19 want: ^5.0.2
541 silly placeDep ROOT chokidar@3.6.0 OK for: tailwindcss@3.4.19 want: ^3.6.0
542 silly placeDep ROOT didyoumean@1.2.2 OK for: tailwindcss@3.4.19 want: ^1.2.2
543 silly placeDep ROOT dlv@1.1.3 OK for: tailwindcss@3.4.19 want: ^1.1.3
544 silly placeDep ROOT fast-glob@3.3.3 OK for: tailwindcss@3.4.19 want: ^3.3.2
545 silly placeDep ROOT glob-parent@6.0.2 OK for: tailwindcss@3.4.19 want: ^6.0.2
546 silly placeDep ROOT is-glob@4.0.3 OK for: tailwindcss@3.4.19 want: ^4.0.3
547 silly placeDep ROOT jiti@1.21.7 OK for: tailwindcss@3.4.19 want: ^1.21.7
548 silly placeDep ROOT lilconfig@3.1.3 OK for: tailwindcss@3.4.19 want: ^3.1.3
549 silly placeDep ROOT micromatch@4.0.8 OK for: tailwindcss@3.4.19 want: ^4.0.8
550 silly placeDep ROOT normalize-path@3.0.0 OK for: tailwindcss@3.4.19 want: ^3.0.0
551 silly placeDep ROOT object-hash@3.0.0 OK for: tailwindcss@3.4.19 want: ^3.0.0
552 silly placeDep ROOT postcss-import@15.1.0 OK for: tailwindcss@3.4.19 want: ^15.1.0
553 silly placeDep ROOT postcss-js@4.1.0 OK for: tailwindcss@3.4.19 want: ^4.0.1
554 silly placeDep ROOT postcss-load-config@6.0.1 OK for: tailwindcss@3.4.19 want: ^4.0.2 || ^5.0 || ^6.0
555 silly placeDep ROOT postcss-nested@6.2.0 OK for: tailwindcss@3.4.19 want: ^6.2.0
556 silly placeDep ROOT postcss-selector-parser@6.1.2 OK for: tailwindcss@3.4.19 want: ^6.1.2
557 silly placeDep ROOT resolve@1.22.11 OK for: tailwindcss@3.4.19 want: ^1.22.8
558 silly placeDep ROOT sucrase@3.35.1 OK for: tailwindcss@3.4.19 want: ^3.35.0
559 silly fetch manifest braces@~3.0.2
560 silly packumentCache full:https://registry.npmjs.org/braces cache-miss
561 silly fetch manifest is-glob@~4.0.1
562 silly packumentCache full:https://registry.npmjs.org/is-glob cache-miss
563 silly fetch manifest anymatch@~3.1.2
564 silly packumentCache full:https://registry.npmjs.org/anymatch cache-miss
565 silly fetch manifest readdirp@~3.6.0
566 silly packumentCache full:https://registry.npmjs.org/readdirp cache-miss
567 silly fetch manifest glob-parent@~5.1.2
568 silly packumentCache full:https://registry.npmjs.org/glob-parent cache-miss
569 silly fetch manifest is-binary-path@~2.1.0
570 silly packumentCache full:https://registry.npmjs.org/is-binary-path cache-miss
571 silly fetch manifest normalize-path@~3.0.0
572 silly packumentCache full:https://registry.npmjs.org/normalize-path cache-miss
573 silly fetch manifest fsevents@~2.3.2
574 silly packumentCache full:https://registry.npmjs.org/fsevents cache-miss
575 silly fetch manifest @nodelib/fs.stat@^2.0.2
576 silly packumentCache full:https://registry.npmjs.org/@nodelib%2ffs.stat cache-miss
577 silly fetch manifest @nodelib/fs.walk@^1.2.3
578 silly packumentCache full:https://registry.npmjs.org/@nodelib%2ffs.walk cache-miss
579 silly fetch manifest glob-parent@^5.1.2
580 silly packumentCache full:https://registry.npmjs.org/glob-parent cache-miss
581 http cache https://registry.npmjs.org/glob-parent 37ms (cache hit)
582 silly packumentCache full:https://registry.npmjs.org/glob-parent set size:42445 disposed:false
583 silly fetch manifest merge2@^1.3.0
584 silly packumentCache full:https://registry.npmjs.org/merge2 cache-miss
585 http cache https://registry.npmjs.org/normalize-path 39ms (cache hit)
586 silly packumentCache full:https://registry.npmjs.org/normalize-path set size:28713 disposed:false
587 silly fetch manifest is-extglob@^2.1.1
588 silly packumentCache full:https://registry.npmjs.org/is-extglob cache-miss
589 http cache https://registry.npmjs.org/is-glob 42ms (cache hit)
590 silly packumentCache full:https://registry.npmjs.org/is-glob set size:40530 disposed:false
591 silly fetch manifest braces@^3.0.3
592 silly packumentCache full:https://registry.npmjs.org/braces cache-miss
593 http cache https://registry.npmjs.org/fsevents 42ms (cache hit)
594 silly packumentCache full:https://registry.npmjs.org/fsevents set size:182472 disposed:false
595 silly fetch manifest picomatch@^2.3.1
596 silly packumentCache full:https://registry.npmjs.org/picomatch cache-miss
597 http cache https://registry.npmjs.org/glob-parent 46ms (cache hit)
598 silly packumentCache full:https://registry.npmjs.org/glob-parent set size:42445 disposed:false
599 silly packumentCache full:https://registry.npmjs.org/glob-parent dispose
600 silly fetch manifest resolve@^1.1.7
601 silly packumentCache full:https://registry.npmjs.org/resolve cache-miss
602 http cache https://registry.npmjs.org/picomatch 12ms (cache hit)
603 silly packumentCache full:https://registry.npmjs.org/picomatch set size:118818 disposed:false
604 silly fetch manifest read-cache@^1.0.0
605 silly packumentCache full:https://registry.npmjs.org/read-cache cache-miss
606 http cache https://registry.npmjs.org/resolve 13ms (cache hit)
607 silly packumentCache full:https://registry.npmjs.org/resolve set size:238156 disposed:false
608 silly fetch manifest camelcase-css@^2.0.1
609 silly packumentCache full:https://registry.npmjs.org/camelcase-css cache-miss
610 http fetch GET 200 https://registry.npmjs.org/is-binary-path 76ms (cache miss)
611 silly packumentCache full:https://registry.npmjs.org/is-binary-path set size:undefined disposed:false
612 silly fetch manifest postcss-selector-parser@^6.1.1
613 silly packumentCache full:https://registry.npmjs.org/postcss-selector-parser cache-miss
614 http cache https://registry.npmjs.org/postcss-selector-parser 9ms (cache hit)
615 silly packumentCache full:https://registry.npmjs.org/postcss-selector-parser set size:177140 disposed:false
616 silly fetch manifest cssesc@^3.0.0
617 silly packumentCache full:https://registry.npmjs.org/cssesc cache-miss
618 http fetch GET 200 https://registry.npmjs.org/braces 97ms (cache miss)
619 silly packumentCache full:https://registry.npmjs.org/braces set size:undefined disposed:false
620 silly fetch manifest util-deprecate@^1.0.2
621 silly packumentCache full:https://registry.npmjs.org/util-deprecate cache-miss
622 http fetch GET 200 https://registry.npmjs.org/anymatch 101ms (cache miss)
623 silly packumentCache full:https://registry.npmjs.org/anymatch set size:undefined disposed:false
624 silly fetch manifest path-parse@^1.0.7
625 silly packumentCache full:https://registry.npmjs.org/path-parse cache-miss
626 http fetch GET 200 https://registry.npmjs.org/readdirp 108ms (cache miss)
627 silly packumentCache full:https://registry.npmjs.org/readdirp set size:undefined disposed:false
628 silly fetch manifest is-core-module@^2.16.1
629 silly packumentCache full:https://registry.npmjs.org/is-core-module cache-miss
630 http fetch GET 200 https://registry.npmjs.org/@nodelib%2ffs.stat 110ms (cache miss)
631 silly packumentCache full:https://registry.npmjs.org/@nodelib%2ffs.stat set size:undefined disposed:false
632 silly fetch manifest supports-preserve-symlinks-flag@^1.0.0
633 silly packumentCache full:https://registry.npmjs.org/supports-preserve-symlinks-flag cache-miss
634 http fetch GET 200 https://registry.npmjs.org/is-extglob 77ms (cache miss)
635 silly packumentCache full:https://registry.npmjs.org/is-extglob set size:undefined disposed:false
636 silly fetch manifest commander@^4.0.0
637 silly packumentCache full:https://registry.npmjs.org/commander cache-miss
638 http fetch GET 200 https://registry.npmjs.org/merge2 81ms (cache miss)
639 silly packumentCache full:https://registry.npmjs.org/merge2 set size:undefined disposed:false
640 silly fetch manifest lines-and-columns@^1.1.6
641 silly packumentCache full:https://registry.npmjs.org/lines-and-columns cache-miss
642 http fetch GET 200 https://registry.npmjs.org/@nodelib%2ffs.walk 130ms (cache miss)
643 silly packumentCache full:https://registry.npmjs.org/@nodelib%2ffs.walk set size:undefined disposed:false
644 silly fetch manifest mz@^2.7.0
645 silly packumentCache full:https://registry.npmjs.org/mz cache-miss
646 http fetch GET 200 https://registry.npmjs.org/braces 100ms (cache miss)
647 silly packumentCache full:https://registry.npmjs.org/braces set size:undefined disposed:false
648 silly fetch manifest pirates@^4.0.1
649 silly packumentCache full:https://registry.npmjs.org/pirates cache-miss
650 http fetch GET 200 https://registry.npmjs.org/util-deprecate 55ms (cache miss)
651 silly packumentCache full:https://registry.npmjs.org/util-deprecate set size:undefined disposed:false
652 silly fetch manifest tinyglobby@^0.2.11
653 silly packumentCache full:https://registry.npmjs.org/tinyglobby cache-miss
654 http cache https://registry.npmjs.org/tinyglobby 6ms (cache hit)
655 silly packumentCache full:https://registry.npmjs.org/tinyglobby set size:49812 disposed:false
656 silly fetch manifest ts-interface-checker@^0.1.9
657 silly packumentCache full:https://registry.npmjs.org/ts-interface-checker cache-miss
658 http fetch GET 200 https://registry.npmjs.org/path-parse 67ms (cache miss)
659 silly packumentCache full:https://registry.npmjs.org/path-parse set size:undefined disposed:false
660 http fetch GET 200 https://registry.npmjs.org/is-core-module 72ms (cache miss)
661 silly packumentCache full:https://registry.npmjs.org/is-core-module set size:undefined disposed:false
662 http fetch GET 200 https://registry.npmjs.org/read-cache 128ms (cache miss)
663 silly packumentCache full:https://registry.npmjs.org/read-cache set size:undefined disposed:false
664 http fetch GET 200 https://registry.npmjs.org/commander 71ms (cache miss)
665 silly packumentCache full:https://registry.npmjs.org/commander set size:undefined disposed:false
666 http fetch GET 200 https://registry.npmjs.org/camelcase-css 139ms (cache miss)
667 silly packumentCache full:https://registry.npmjs.org/camelcase-css set size:undefined disposed:false
668 http fetch GET 200 https://registry.npmjs.org/pirates 63ms (cache miss)
669 silly packumentCache full:https://registry.npmjs.org/pirates set size:undefined disposed:false
670 http fetch GET 200 https://registry.npmjs.org/lines-and-columns 89ms (cache miss)
671 silly packumentCache full:https://registry.npmjs.org/lines-and-columns set size:undefined disposed:false
672 http fetch GET 200 https://registry.npmjs.org/supports-preserve-symlinks-flag 133ms (cache miss)
673 silly packumentCache full:https://registry.npmjs.org/supports-preserve-symlinks-flag set size:undefined disposed:false
674 http fetch GET 200 https://registry.npmjs.org/cssesc 160ms (cache miss)
675 silly packumentCache full:https://registry.npmjs.org/cssesc set size:undefined disposed:false
676 http fetch GET 200 https://registry.npmjs.org/mz 147ms (cache miss)
677 silly packumentCache full:https://registry.npmjs.org/mz set size:undefined disposed:false
678 http fetch GET 200 https://registry.npmjs.org/ts-interface-checker 137ms (cache miss)
679 silly packumentCache full:https://registry.npmjs.org/ts-interface-checker set size:undefined disposed:false
680 silly placeDep ROOT anymatch@3.1.3 OK for: chokidar@3.6.0 want: ~3.1.2
681 silly placeDep ROOT braces@3.0.3 OK for: chokidar@3.6.0 want: ~3.0.2
682 silly placeDep ROOT fsevents@2.3.3 OK for: chokidar@3.6.0 want: ~2.3.2
683 silly placeDep node_modules/chokidar glob-parent@5.1.2 OK for: chokidar@3.6.0 want: ~5.1.2
684 silly placeDep ROOT is-binary-path@2.1.0 OK for: chokidar@3.6.0 want: ~2.1.0
685 silly placeDep ROOT readdirp@3.6.0 OK for: chokidar@3.6.0 want: ~3.6.0
686 silly fetch manifest picomatch@^2.0.4
687 silly packumentCache full:https://registry.npmjs.org/picomatch cache-hit
688 silly fetch manifest fill-range@^7.1.1
689 silly packumentCache full:https://registry.npmjs.org/fill-range cache-miss
690 silly fetch manifest binary-extensions@^2.0.0
691 silly packumentCache full:https://registry.npmjs.org/binary-extensions cache-miss
692 silly fetch manifest picomatch@^2.2.1
693 silly packumentCache full:https://registry.npmjs.org/picomatch cache-hit
694 http fetch GET 200 https://registry.npmjs.org/fill-range 149ms (cache miss)
695 silly packumentCache full:https://registry.npmjs.org/fill-range set size:undefined disposed:false
696 http fetch GET 200 https://registry.npmjs.org/binary-extensions 156ms (cache miss)
697 silly packumentCache full:https://registry.npmjs.org/binary-extensions set size:undefined disposed:false
698 silly placeDep ROOT picomatch@2.3.1 OK for: anymatch@3.1.3 want: ^2.0.4
699 silly placeDep ROOT fill-range@7.1.1 OK for: braces@3.0.3 want: ^7.1.1
700 silly fetch manifest to-regex-range@^5.0.1
701 silly packumentCache full:https://registry.npmjs.org/to-regex-range cache-miss
702 http fetch GET 200 https://registry.npmjs.org/to-regex-range 149ms (cache miss)
703 silly packumentCache full:https://registry.npmjs.org/to-regex-range set size:undefined disposed:false
704 silly placeDep ROOT @nodelib/fs.stat@2.0.5 OK for: fast-glob@3.3.3 want: ^2.0.2
705 silly placeDep ROOT @nodelib/fs.walk@1.2.8 OK for: fast-glob@3.3.3 want: ^1.2.3
706 silly placeDep node_modules/fast-glob glob-parent@5.1.2 OK for: fast-glob@3.3.3 want: ^5.1.2
707 silly placeDep ROOT merge2@1.4.1 OK for: fast-glob@3.3.3 want: ^1.3.0
708 silly fetch manifest fastq@^1.6.0
709 silly packumentCache full:https://registry.npmjs.org/fastq cache-miss
710 silly fetch manifest @nodelib/fs.scandir@2.1.5
711 silly packumentCache full:https://registry.npmjs.org/@nodelib%2ffs.scandir cache-miss
712 http fetch GET 200 https://registry.npmjs.org/@nodelib%2ffs.scandir 102ms (cache miss)
713 silly packumentCache full:https://registry.npmjs.org/@nodelib%2ffs.scandir set size:undefined disposed:false
714 http fetch GET 200 https://registry.npmjs.org/fastq 157ms (cache miss)
715 silly packumentCache full:https://registry.npmjs.org/fastq set size:undefined disposed:false
716 silly placeDep ROOT @nodelib/fs.scandir@2.1.5 OK for: @nodelib/fs.walk@1.2.8 want: 2.1.5
717 silly placeDep ROOT fastq@1.20.1 OK for: @nodelib/fs.walk@1.2.8 want: ^1.6.0
718 silly fetch manifest run-parallel@^1.1.9
719 silly packumentCache full:https://registry.npmjs.org/run-parallel cache-miss
720 silly fetch manifest reusify@^1.0.4
721 silly packumentCache full:https://registry.npmjs.org/reusify cache-miss
722 http fetch GET 200 https://registry.npmjs.org/run-parallel 66ms (cache miss)
723 silly packumentCache full:https://registry.npmjs.org/run-parallel set size:undefined disposed:false
724 http fetch GET 200 https://registry.npmjs.org/reusify 156ms (cache miss)
725 silly packumentCache full:https://registry.npmjs.org/reusify set size:undefined disposed:false
726 silly placeDep ROOT run-parallel@1.2.0 OK for: @nodelib/fs.scandir@2.1.5 want: ^1.1.9
727 silly fetch manifest queue-microtask@^1.2.2
728 silly packumentCache full:https://registry.npmjs.org/queue-microtask cache-miss
729 http fetch GET 200 https://registry.npmjs.org/queue-microtask 78ms (cache miss)
730 silly packumentCache full:https://registry.npmjs.org/queue-microtask set size:undefined disposed:false
731 silly placeDep ROOT reusify@1.1.0 OK for: fastq@1.20.1 want: ^1.0.4
732 silly placeDep ROOT to-regex-range@5.0.1 OK for: fill-range@7.1.1 want: ^5.0.1
733 silly fetch manifest is-number@^7.0.0
734 silly packumentCache full:https://registry.npmjs.org/is-number cache-miss
735 http fetch GET 200 https://registry.npmjs.org/is-number 145ms (cache miss)
736 silly packumentCache full:https://registry.npmjs.org/is-number set size:undefined disposed:false
737 silly placeDep ROOT binary-extensions@2.3.0 OK for: is-binary-path@2.1.0 want: ^2.0.0
738 silly placeDep ROOT is-extglob@2.1.1 OK for: is-glob@4.0.3 want: ^2.1.1
739 silly placeDep ROOT read-cache@1.0.0 OK for: postcss-import@15.1.0 want: ^1.0.0
740 silly fetch manifest pify@^2.3.0
741 silly packumentCache full:https://registry.npmjs.org/pify cache-miss
742 http fetch GET 200 https://registry.npmjs.org/pify 72ms (cache miss)
743 silly packumentCache full:https://registry.npmjs.org/pify set size:undefined disposed:false
744 silly placeDep ROOT camelcase-css@2.0.1 OK for: postcss-js@4.1.0 want: ^2.0.1
745 silly placeDep ROOT cssesc@3.0.0 OK for: postcss-selector-parser@6.1.2 want: ^3.0.0
746 silly placeDep ROOT util-deprecate@1.0.2 OK for: postcss-selector-parser@6.1.2 want: ^1.0.2
747 silly placeDep ROOT pify@2.3.0 OK for: read-cache@1.0.0 want: ^2.3.0
748 silly placeDep ROOT is-core-module@2.16.1 OK for: resolve@1.22.11 want: ^2.16.1
749 silly placeDep ROOT path-parse@1.0.7 OK for: resolve@1.22.11 want: ^1.0.7
750 silly placeDep ROOT supports-preserve-symlinks-flag@1.0.0 OK for: resolve@1.22.11 want: ^1.0.0
751 silly fetch manifest hasown@^2.0.2
752 silly packumentCache full:https://registry.npmjs.org/hasown cache-miss
753 http fetch GET 200 https://registry.npmjs.org/hasown 61ms (cache miss)
754 silly packumentCache full:https://registry.npmjs.org/hasown set size:undefined disposed:false
755 silly placeDep ROOT hasown@2.0.2 OK for: is-core-module@2.16.1 want: ^2.0.2
756 silly fetch manifest function-bind@^1.1.2
757 silly packumentCache full:https://registry.npmjs.org/function-bind cache-miss
758 http fetch GET 200 https://registry.npmjs.org/function-bind 74ms (cache miss)
759 silly packumentCache full:https://registry.npmjs.org/function-bind set size:undefined disposed:false
760 silly placeDep ROOT function-bind@1.1.2 OK for: hasown@2.0.2 want: ^1.1.2
761 silly placeDep ROOT queue-microtask@1.2.3 OK for: run-parallel@1.2.0 want: ^1.2.2
762 silly placeDep ROOT commander@4.1.1 OK for: sucrase@3.35.1 want: ^4.0.0
763 silly placeDep ROOT lines-and-columns@1.2.4 OK for: sucrase@3.35.1 want: ^1.1.6
764 silly placeDep ROOT mz@2.7.0 OK for: sucrase@3.35.1 want: ^2.7.0
765 silly placeDep ROOT pirates@4.0.7 OK for: sucrase@3.35.1 want: ^4.0.1
766 silly placeDep ROOT tinyglobby@0.2.15 OK for: sucrase@3.35.1 want: ^0.2.11
767 silly placeDep ROOT ts-interface-checker@0.1.13 OK for: sucrase@3.35.1 want: ^0.1.9
768 silly fetch manifest any-promise@^1.0.0
769 silly packumentCache full:https://registry.npmjs.org/any-promise cache-miss
770 silly fetch manifest object-assign@^4.0.1
771 silly packumentCache full:https://registry.npmjs.org/object-assign cache-miss
772 silly fetch manifest thenify-all@^1.0.0
773 silly packumentCache full:https://registry.npmjs.org/thenify-all cache-miss
774 silly fetch manifest fdir@^6.5.0
775 silly packumentCache full:https://registry.npmjs.org/fdir cache-miss
776 silly fetch manifest picomatch@^4.0.3
777 silly packumentCache full:https://registry.npmjs.org/picomatch cache-hit
778 http cache https://registry.npmjs.org/fdir 13ms (cache hit)
779 silly packumentCache full:https://registry.npmjs.org/fdir set size:136182 disposed:false
780 http fetch GET 200 https://registry.npmjs.org/thenify-all 67ms (cache miss)
781 silly packumentCache full:https://registry.npmjs.org/thenify-all set size:undefined disposed:false
782 http fetch GET 200 https://registry.npmjs.org/object-assign 80ms (cache miss)
783 silly packumentCache full:https://registry.npmjs.org/object-assign set size:undefined disposed:false
784 http fetch GET 200 https://registry.npmjs.org/any-promise 141ms (cache miss)
785 silly packumentCache full:https://registry.npmjs.org/any-promise set size:undefined disposed:false
786 silly placeDep ROOT any-promise@1.3.0 OK for: mz@2.7.0 want: ^1.0.0
787 silly placeDep ROOT object-assign@4.1.1 OK for: mz@2.7.0 want: ^4.0.1
788 silly placeDep ROOT thenify-all@1.6.0 OK for: mz@2.7.0 want: ^1.0.0
789 silly fetch manifest thenify@>= 3.1.0 < 4
790 silly packumentCache full:https://registry.npmjs.org/thenify cache-miss
791 http fetch GET 200 https://registry.npmjs.org/thenify 67ms (cache miss)
792 silly packumentCache full:https://registry.npmjs.org/thenify set size:undefined disposed:false
793 silly placeDep ROOT thenify@3.3.1 OK for: thenify-all@1.6.0 want: >= 3.1.0 < 4
794 silly placeDep node_modules/tinyglobby fdir@6.5.0 OK for: tinyglobby@0.2.15 want: ^6.5.0
795 silly placeDep node_modules/tinyglobby picomatch@4.0.3 OK for: fdir@6.5.0 want: ^3 || ^4
796 silly placeDep ROOT is-number@7.0.0 OK for: to-regex-range@5.0.1 want: ^7.0.0
797 silly placeDep ROOT escalade@3.2.0 OK for: update-browserslist-db@1.2.3 want: ^3.2.0
798 silly placeDep ROOT esbuild@0.25.12 OK for: vite@6.4.1 want: ^0.25.0
799 silly placeDep node_modules/vite fdir@6.5.0 OK for: vite@6.4.1 want: ^6.4.4
800 silly placeDep node_modules/vite picomatch@4.0.3 OK for: fdir@6.5.0 want: ^3 || ^4
801 silly placeDep ROOT rollup@4.59.0 OK for: vite@6.4.1 want: ^4.34.9
802 silly fetch manifest @esbuild/aix-ppc64@0.25.12
803 silly packumentCache full:https://registry.npmjs.org/@esbuild%2faix-ppc64 cache-miss
804 silly fetch manifest @esbuild/linux-arm@0.25.12
805 silly packumentCache full:https://registry.npmjs.org/@esbuild%2flinux-arm cache-miss
806 silly fetch manifest @esbuild/linux-x64@0.25.12
807 silly packumentCache full:https://registry.npmjs.org/@esbuild%2flinux-x64 cache-miss
808 silly fetch manifest @esbuild/sunos-x64@0.25.12
809 silly packumentCache full:https://registry.npmjs.org/@esbuild%2fsunos-x64 cache-miss
810 silly fetch manifest @esbuild/win32-x64@0.25.12
811 silly packumentCache full:https://registry.npmjs.org/@esbuild%2fwin32-x64 cache-miss
812 silly fetch manifest @esbuild/darwin-x64@0.25.12
813 silly packumentCache full:https://registry.npmjs.org/@esbuild%2fdarwin-x64 cache-miss
814 silly fetch manifest @esbuild/linux-ia32@0.25.12
815 silly packumentCache full:https://registry.npmjs.org/@esbuild%2flinux-ia32 cache-miss
816 silly fetch manifest @esbuild/netbsd-x64@0.25.12
817 silly packumentCache full:https://registry.npmjs.org/@esbuild%2fnetbsd-x64 cache-miss
818 silly fetch manifest @esbuild/win32-ia32@0.25.12
819 silly packumentCache full:https://registry.npmjs.org/@esbuild%2fwin32-ia32 cache-miss
820 silly fetch manifest @esbuild/android-arm@0.25.12
821 silly packumentCache full:https://registry.npmjs.org/@esbuild%2fandroid-arm cache-miss
822 silly fetch manifest @esbuild/android-x64@0.25.12
823 silly packumentCache full:https://registry.npmjs.org/@esbuild%2fandroid-x64 cache-miss
824 http fetch GET 200 https://registry.npmjs.org/@esbuild%2faix-ppc64 81ms (cache miss)
825 silly packumentCache full:https://registry.npmjs.org/@esbuild%2faix-ppc64 set size:undefined disposed:false
826 silly fetch manifest @esbuild/freebsd-x64@0.25.12
827 silly packumentCache full:https://registry.npmjs.org/@esbuild%2ffreebsd-x64 cache-miss
828 http fetch GET 200 https://registry.npmjs.org/@esbuild%2fnetbsd-x64 163ms (cache miss)
829 silly packumentCache full:https://registry.npmjs.org/@esbuild%2fnetbsd-x64 set size:undefined disposed:false
830 silly fetch manifest @esbuild/linux-arm64@0.25.12
831 silly packumentCache full:https://registry.npmjs.org/@esbuild%2flinux-arm64 cache-miss
832 http fetch GET 200 https://registry.npmjs.org/@esbuild%2flinux-ia32 166ms (cache miss)
833 silly packumentCache full:https://registry.npmjs.org/@esbuild%2flinux-ia32 set size:undefined disposed:false
834 silly fetch manifest @esbuild/linux-ppc64@0.25.12
835 silly packumentCache full:https://registry.npmjs.org/@esbuild%2flinux-ppc64 cache-miss
836 http fetch GET 200 https://registry.npmjs.org/@esbuild%2flinux-arm 175ms (cache miss)
837 silly packumentCache full:https://registry.npmjs.org/@esbuild%2flinux-arm set size:undefined disposed:false
838 silly fetch manifest @esbuild/linux-s390x@0.25.12
839 silly packumentCache full:https://registry.npmjs.org/@esbuild%2flinux-s390x cache-miss
840 http fetch GET 200 https://registry.npmjs.org/@esbuild%2fdarwin-x64 178ms (cache miss)
841 silly packumentCache full:https://registry.npmjs.org/@esbuild%2fdarwin-x64 set size:undefined disposed:false
842 silly fetch manifest @esbuild/openbsd-x64@0.25.12
843 silly packumentCache full:https://registry.npmjs.org/@esbuild%2fopenbsd-x64 cache-miss
844 http fetch GET 200 https://registry.npmjs.org/@esbuild%2flinux-x64 187ms (cache miss)
845 silly packumentCache full:https://registry.npmjs.org/@esbuild%2flinux-x64 set size:undefined disposed:false
846 silly fetch manifest @esbuild/win32-arm64@0.25.12
847 silly packumentCache full:https://registry.npmjs.org/@esbuild%2fwin32-arm64 cache-miss
848 http fetch GET 200 https://registry.npmjs.org/@esbuild%2fwin32-ia32 187ms (cache miss)
849 silly packumentCache full:https://registry.npmjs.org/@esbuild%2fwin32-ia32 set size:undefined disposed:false
850 silly fetch manifest @esbuild/darwin-arm64@0.25.12
851 silly packumentCache full:https://registry.npmjs.org/@esbuild%2fdarwin-arm64 cache-miss
852 http fetch GET 200 https://registry.npmjs.org/@esbuild%2fandroid-arm 190ms (cache miss)
853 silly packumentCache full:https://registry.npmjs.org/@esbuild%2fandroid-arm set size:undefined disposed:false
854 silly fetch manifest @esbuild/netbsd-arm64@0.25.12
855 silly packumentCache full:https://registry.npmjs.org/@esbuild%2fnetbsd-arm64 cache-miss
856 http fetch GET 200 https://registry.npmjs.org/@esbuild%2fwin32-x64 196ms (cache miss)
857 silly packumentCache full:https://registry.npmjs.org/@esbuild%2fwin32-x64 set size:undefined disposed:false
858 silly fetch manifest @esbuild/android-arm64@0.25.12
859 silly packumentCache full:https://registry.npmjs.org/@esbuild%2fandroid-arm64 cache-miss
860 http fetch GET 200 https://registry.npmjs.org/@esbuild%2ffreebsd-x64 123ms (cache miss)
861 silly packumentCache full:https://registry.npmjs.org/@esbuild%2ffreebsd-x64 set size:undefined disposed:false
862 silly fetch manifest @esbuild/freebsd-arm64@0.25.12
863 silly packumentCache full:https://registry.npmjs.org/@esbuild%2ffreebsd-arm64 cache-miss
864 http fetch GET 200 https://registry.npmjs.org/@esbuild%2fsunos-x64 207ms (cache miss)
865 silly packumentCache full:https://registry.npmjs.org/@esbuild%2fsunos-x64 set size:undefined disposed:false
866 silly fetch manifest @esbuild/linux-loong64@0.25.12
867 silly packumentCache full:https://registry.npmjs.org/@esbuild%2flinux-loong64 cache-miss
868 http fetch GET 200 https://registry.npmjs.org/@esbuild%2fandroid-x64 288ms (cache miss)
869 silly packumentCache full:https://registry.npmjs.org/@esbuild%2fandroid-x64 set size:undefined disposed:false
870 silly fetch manifest @esbuild/linux-riscv64@0.25.12
871 silly packumentCache full:https://registry.npmjs.org/@esbuild%2flinux-riscv64 cache-miss
872 http fetch GET 200 https://registry.npmjs.org/@esbuild%2flinux-arm64 126ms (cache miss)
873 silly packumentCache full:https://registry.npmjs.org/@esbuild%2flinux-arm64 set size:undefined disposed:false
874 silly fetch manifest @esbuild/openbsd-arm64@0.25.12
875 silly packumentCache full:https://registry.npmjs.org/@esbuild%2fopenbsd-arm64 cache-miss
876 http fetch GET 200 https://registry.npmjs.org/@esbuild%2flinux-ppc64 128ms (cache miss)
877 silly packumentCache full:https://registry.npmjs.org/@esbuild%2flinux-ppc64 set size:undefined disposed:false
878 silly fetch manifest @esbuild/linux-mips64el@0.25.12
879 silly packumentCache full:https://registry.npmjs.org/@esbuild%2flinux-mips64el cache-miss
880 http fetch GET 200 https://registry.npmjs.org/@esbuild%2fopenbsd-x64 130ms (cache miss)
881 silly packumentCache full:https://registry.npmjs.org/@esbuild%2fopenbsd-x64 set size:undefined disposed:false
882 silly fetch manifest @esbuild/openharmony-arm64@0.25.12
883 silly packumentCache full:https://registry.npmjs.org/@esbuild%2fopenharmony-arm64 cache-miss
884 http fetch GET 200 https://registry.npmjs.org/@esbuild%2flinux-s390x 136ms (cache miss)
885 silly packumentCache full:https://registry.npmjs.org/@esbuild%2flinux-s390x set size:undefined disposed:false
886 silly fetch manifest @types/estree@1.0.8
887 silly packumentCache full:https://registry.npmjs.org/@types%2festree cache-miss
888 http fetch GET 200 https://registry.npmjs.org/@esbuild%2fdarwin-arm64 145ms (cache miss)
889 silly packumentCache full:https://registry.npmjs.org/@esbuild%2fdarwin-arm64 set size:undefined disposed:false
890 silly fetch manifest @rollup/rollup-darwin-arm64@4.59.0
891 silly packumentCache full:https://registry.npmjs.org/@rollup%2frollup-darwin-arm64 cache-miss
892 http fetch GET 200 https://registry.npmjs.org/@esbuild%2ffreebsd-arm64 146ms (cache miss)
893 silly packumentCache full:https://registry.npmjs.org/@esbuild%2ffreebsd-arm64 set size:undefined disposed:false
894 silly fetch manifest @rollup/rollup-android-arm64@4.59.0
895 silly packumentCache full:https://registry.npmjs.org/@rollup%2frollup-android-arm64 cache-miss
896 http fetch GET 200 https://registry.npmjs.org/@esbuild%2fandroid-arm64 159ms (cache miss)
897 silly packumentCache full:https://registry.npmjs.org/@esbuild%2fandroid-arm64 set size:undefined disposed:false
898 silly fetch manifest @rollup/rollup-win32-arm64-msvc@4.59.0
899 silly packumentCache full:https://registry.npmjs.org/@rollup%2frollup-win32-arm64-msvc cache-miss
900 http fetch GET 200 https://registry.npmjs.org/@esbuild%2fwin32-arm64 174ms (cache miss)
901 silly packumentCache full:https://registry.npmjs.org/@esbuild%2fwin32-arm64 set size:undefined disposed:false
902 silly fetch manifest @rollup/rollup-freebsd-arm64@4.59.0
903 silly packumentCache full:https://registry.npmjs.org/@rollup%2frollup-freebsd-arm64 cache-miss
904 http fetch GET 200 https://registry.npmjs.org/@esbuild%2flinux-loong64 159ms (cache miss)
905 silly packumentCache full:https://registry.npmjs.org/@esbuild%2flinux-loong64 set size:undefined disposed:false
906 silly fetch manifest @rollup/rollup-linux-arm64-gnu@4.59.0
907 silly packumentCache full:https://registry.npmjs.org/@rollup%2frollup-linux-arm64-gnu cache-miss
908 http fetch GET 200 https://registry.npmjs.org/@esbuild%2fnetbsd-arm64 180ms (cache miss)
909 silly packumentCache full:https://registry.npmjs.org/@esbuild%2fnetbsd-arm64 set size:undefined disposed:false
910 silly fetch manifest @rollup/rollup-linux-arm64-musl@4.59.0
911 silly packumentCache full:https://registry.npmjs.org/@rollup%2frollup-linux-arm64-musl cache-miss
912 http fetch GET 200 https://registry.npmjs.org/@esbuild%2flinux-riscv64 92ms (cache miss)
913 silly packumentCache full:https://registry.npmjs.org/@esbuild%2flinux-riscv64 set size:undefined disposed:false
914 silly fetch manifest @rollup/rollup-android-arm-eabi@4.59.0
915 silly packumentCache full:https://registry.npmjs.org/@rollup%2frollup-android-arm-eabi cache-miss
916 http fetch GET 200 https://registry.npmjs.org/@types%2festree 79ms (cache miss)
917 silly packumentCache full:https://registry.npmjs.org/@types%2festree set size:undefined disposed:false
918 silly fetch manifest @rollup/rollup-linux-arm-gnueabihf@4.59.0
919 silly packumentCache full:https://registry.npmjs.org/@rollup%2frollup-linux-arm-gnueabihf cache-miss
920 http fetch GET 200 https://registry.npmjs.org/@esbuild%2flinux-mips64el 98ms (cache miss)
921 silly packumentCache full:https://registry.npmjs.org/@esbuild%2flinux-mips64el set size:undefined disposed:false
922 silly fetch manifest @rollup/rollup-linux-arm-musleabihf@4.59.0
923 silly packumentCache full:https://registry.npmjs.org/@rollup%2frollup-linux-arm-musleabihf cache-miss
924 http fetch GET 200 https://registry.npmjs.org/@esbuild%2fopenharmony-arm64 147ms (cache miss)
925 silly packumentCache full:https://registry.npmjs.org/@esbuild%2fopenharmony-arm64 set size:undefined disposed:false
926 silly fetch manifest @rollup/rollup-win32-ia32-msvc@4.59.0
927 silly packumentCache full:https://registry.npmjs.org/@rollup%2frollup-win32-ia32-msvc cache-miss
928 http fetch GET 200 https://registry.npmjs.org/@rollup%2frollup-android-arm-eabi 80ms (cache miss)
929 silly packumentCache full:https://registry.npmjs.org/@rollup%2frollup-android-arm-eabi set size:undefined disposed:false
930 silly fetch manifest @rollup/rollup-linux-loong64-gnu@4.59.0
931 silly packumentCache full:https://registry.npmjs.org/@rollup%2frollup-linux-loong64-gnu cache-miss
932 http fetch GET 200 https://registry.npmjs.org/@rollup%2frollup-win32-arm64-msvc 153ms (cache miss)
933 silly packumentCache full:https://registry.npmjs.org/@rollup%2frollup-win32-arm64-msvc set size:undefined disposed:false
934 silly fetch manifest @rollup/rollup-linux-loong64-musl@4.59.0
935 silly packumentCache full:https://registry.npmjs.org/@rollup%2frollup-linux-loong64-musl cache-miss
936 http fetch GET 200 https://registry.npmjs.org/@rollup%2frollup-android-arm64 173ms (cache miss)
937 silly packumentCache full:https://registry.npmjs.org/@rollup%2frollup-android-arm64 set size:undefined disposed:false
938 silly fetch manifest @rollup/rollup-linux-riscv64-gnu@4.59.0
939 silly packumentCache full:https://registry.npmjs.org/@rollup%2frollup-linux-riscv64-gnu cache-miss
940 http fetch GET 200 https://registry.npmjs.org/@rollup%2frollup-freebsd-arm64 180ms (cache miss)
941 silly packumentCache full:https://registry.npmjs.org/@rollup%2frollup-freebsd-arm64 set size:undefined disposed:false
942 silly fetch manifest @rollup/rollup-linux-riscv64-musl@4.59.0
943 silly packumentCache full:https://registry.npmjs.org/@rollup%2frollup-linux-riscv64-musl cache-miss
944 http fetch GET 200 https://registry.npmjs.org/@esbuild%2fopenbsd-arm64 254ms (cache miss)
945 silly packumentCache full:https://registry.npmjs.org/@esbuild%2fopenbsd-arm64 set size:undefined disposed:false
946 silly fetch manifest @rollup/rollup-linux-ppc64-gnu@4.59.0
947 silly packumentCache full:https://registry.npmjs.org/@rollup%2frollup-linux-ppc64-gnu cache-miss
948 http fetch GET 200 https://registry.npmjs.org/@rollup%2frollup-linux-loong64-gnu 88ms (cache miss)
949 silly packumentCache full:https://registry.npmjs.org/@rollup%2frollup-linux-loong64-gnu set size:undefined disposed:false
950 silly fetch manifest @rollup/rollup-linux-ppc64-musl@4.59.0
951 silly packumentCache full:https://registry.npmjs.org/@rollup%2frollup-linux-ppc64-musl cache-miss
952 http fetch GET 200 https://registry.npmjs.org/@rollup%2frollup-linux-arm-gnueabihf 192ms (cache miss)
953 silly packumentCache full:https://registry.npmjs.org/@rollup%2frollup-linux-arm-gnueabihf set size:undefined disposed:false
954 silly fetch manifest @rollup/rollup-linux-s390x-gnu@4.59.0
955 silly packumentCache full:https://registry.npmjs.org/@rollup%2frollup-linux-s390x-gnu cache-miss
956 http fetch GET 200 https://registry.npmjs.org/@rollup%2frollup-win32-ia32-msvc 137ms (cache miss)
957 silly packumentCache full:https://registry.npmjs.org/@rollup%2frollup-win32-ia32-msvc set size:undefined disposed:false
958 silly fetch manifest @rollup/rollup-darwin-x64@4.59.0
959 silly packumentCache full:https://registry.npmjs.org/@rollup%2frollup-darwin-x64 cache-miss
960 http fetch GET 200 https://registry.npmjs.org/@rollup%2frollup-darwin-arm64 273ms (cache miss)
961 silly packumentCache full:https://registry.npmjs.org/@rollup%2frollup-darwin-arm64 set size:undefined disposed:false
962 silly fetch manifest @rollup/rollup-win32-x64-gnu@4.59.0
963 silly packumentCache full:https://registry.npmjs.org/@rollup%2frollup-win32-x64-gnu cache-miss
964 http fetch GET 200 https://registry.npmjs.org/@rollup%2frollup-linux-loong64-musl 112ms (cache miss)
965 silly packumentCache full:https://registry.npmjs.org/@rollup%2frollup-linux-loong64-musl set size:undefined disposed:false
966 silly fetch manifest @rollup/rollup-win32-x64-msvc@4.59.0
967 silly packumentCache full:https://registry.npmjs.org/@rollup%2frollup-win32-x64-msvc cache-miss
968 http fetch GET 200 https://registry.npmjs.org/@rollup%2frollup-linux-arm64-musl 259ms (cache miss)
969 silly packumentCache full:https://registry.npmjs.org/@rollup%2frollup-linux-arm64-musl set size:undefined disposed:false
970 silly fetch manifest @rollup/rollup-freebsd-x64@4.59.0
971 silly packumentCache full:https://registry.npmjs.org/@rollup%2frollup-freebsd-x64 cache-miss
972 http fetch GET 200 https://registry.npmjs.org/@rollup%2frollup-linux-riscv64-musl 91ms (cache miss)
973 silly packumentCache full:https://registry.npmjs.org/@rollup%2frollup-linux-riscv64-musl set size:undefined disposed:false
974 silly fetch manifest @rollup/rollup-linux-x64-gnu@4.59.0
975 silly packumentCache full:https://registry.npmjs.org/@rollup%2frollup-linux-x64-gnu cache-miss
976 http fetch GET 200 https://registry.npmjs.org/@rollup%2frollup-linux-arm64-gnu 274ms (cache miss)
977 silly packumentCache full:https://registry.npmjs.org/@rollup%2frollup-linux-arm64-gnu set size:undefined disposed:false
978 silly fetch manifest @rollup/rollup-linux-x64-musl@4.59.0
979 silly packumentCache full:https://registry.npmjs.org/@rollup%2frollup-linux-x64-musl cache-miss
980 http fetch GET 200 https://registry.npmjs.org/@rollup%2frollup-linux-arm-musleabihf 253ms (cache miss)
981 silly packumentCache full:https://registry.npmjs.org/@rollup%2frollup-linux-arm-musleabihf set size:undefined disposed:false
982 silly fetch manifest @rollup/rollup-openbsd-x64@4.59.0
983 silly packumentCache full:https://registry.npmjs.org/@rollup%2frollup-openbsd-x64 cache-miss
984 http fetch GET 200 https://registry.npmjs.org/@rollup%2frollup-darwin-x64 97ms (cache miss)
985 silly packumentCache full:https://registry.npmjs.org/@rollup%2frollup-darwin-x64 set size:undefined disposed:false
986 silly fetch manifest @rollup/rollup-openharmony-arm64@4.59.0
987 silly packumentCache full:https://registry.npmjs.org/@rollup%2frollup-openharmony-arm64 cache-miss
988 http fetch GET 200 https://registry.npmjs.org/@rollup%2frollup-linux-ppc64-musl 192ms (cache miss)
989 silly packumentCache full:https://registry.npmjs.org/@rollup%2frollup-linux-ppc64-musl set size:undefined disposed:false
990 http fetch GET 200 https://registry.npmjs.org/@rollup%2frollup-linux-s390x-gnu 181ms (cache miss)
991 silly packumentCache full:https://registry.npmjs.org/@rollup%2frollup-linux-s390x-gnu set size:undefined disposed:false
992 http fetch GET 200 https://registry.npmjs.org/@rollup%2frollup-linux-riscv64-gnu 248ms (cache miss)
993 silly packumentCache full:https://registry.npmjs.org/@rollup%2frollup-linux-riscv64-gnu set size:undefined disposed:false
994 http fetch GET 200 https://registry.npmjs.org/@rollup%2frollup-win32-x64-msvc 158ms (cache miss)
995 silly packumentCache full:https://registry.npmjs.org/@rollup%2frollup-win32-x64-msvc set size:undefined disposed:false
996 http fetch GET 200 https://registry.npmjs.org/@rollup%2frollup-linux-ppc64-gnu 243ms (cache miss)
997 silly packumentCache full:https://registry.npmjs.org/@rollup%2frollup-linux-ppc64-gnu set size:undefined disposed:false
998 http fetch GET 200 https://registry.npmjs.org/@rollup%2frollup-freebsd-x64 160ms (cache miss)
999 silly packumentCache full:https://registry.npmjs.org/@rollup%2frollup-freebsd-x64 set size:undefined disposed:false
1000 http fetch GET 200 https://registry.npmjs.org/@rollup%2frollup-linux-x64-gnu 193ms (cache miss)
1001 silly packumentCache full:https://registry.npmjs.org/@rollup%2frollup-linux-x64-gnu set size:undefined disposed:false
1002 http fetch GET 200 https://registry.npmjs.org/@rollup%2frollup-win32-x64-gnu 248ms (cache miss)
1003 silly packumentCache full:https://registry.npmjs.org/@rollup%2frollup-win32-x64-gnu set size:undefined disposed:false
1004 http fetch GET 200 https://registry.npmjs.org/@rollup%2frollup-openharmony-arm64 177ms (cache miss)
1005 silly packumentCache full:https://registry.npmjs.org/@rollup%2frollup-openharmony-arm64 set size:undefined disposed:false
1006 http fetch GET 200 https://registry.npmjs.org/@rollup%2frollup-linux-x64-musl 247ms (cache miss)
1007 silly packumentCache full:https://registry.npmjs.org/@rollup%2frollup-linux-x64-musl set size:undefined disposed:false
1008 http fetch GET 200 https://registry.npmjs.org/@rollup%2frollup-openbsd-x64 302ms (cache miss)
1009 silly packumentCache full:https://registry.npmjs.org/@rollup%2frollup-openbsd-x64 set size:undefined disposed:false
1010 silly placeDep ROOT @esbuild/aix-ppc64@0.25.12 OK for: esbuild@0.25.12 want: 0.25.12
1011 silly placeDep ROOT @esbuild/android-arm@0.25.12 OK for: esbuild@0.25.12 want: 0.25.12
1012 silly placeDep ROOT @esbuild/android-arm64@0.25.12 OK for: esbuild@0.25.12 want: 0.25.12
1013 silly placeDep ROOT @esbuild/android-x64@0.25.12 OK for: esbuild@0.25.12 want: 0.25.12
1014 silly placeDep ROOT @esbuild/darwin-arm64@0.25.12 OK for: esbuild@0.25.12 want: 0.25.12
1015 silly placeDep ROOT @esbuild/darwin-x64@0.25.12 OK for: esbuild@0.25.12 want: 0.25.12
1016 silly placeDep ROOT @esbuild/freebsd-arm64@0.25.12 OK for: esbuild@0.25.12 want: 0.25.12
1017 silly placeDep ROOT @esbuild/freebsd-x64@0.25.12 OK for: esbuild@0.25.12 want: 0.25.12
1018 silly placeDep ROOT @esbuild/linux-arm@0.25.12 OK for: esbuild@0.25.12 want: 0.25.12
1019 silly placeDep ROOT @esbuild/linux-arm64@0.25.12 OK for: esbuild@0.25.12 want: 0.25.12
1020 silly placeDep ROOT @esbuild/linux-ia32@0.25.12 OK for: esbuild@0.25.12 want: 0.25.12
1021 silly placeDep ROOT @esbuild/linux-loong64@0.25.12 OK for: esbuild@0.25.12 want: 0.25.12
1022 silly placeDep ROOT @esbuild/linux-mips64el@0.25.12 OK for: esbuild@0.25.12 want: 0.25.12
1023 silly placeDep ROOT @esbuild/linux-ppc64@0.25.12 OK for: esbuild@0.25.12 want: 0.25.12
1024 silly placeDep ROOT @esbuild/linux-riscv64@0.25.12 OK for: esbuild@0.25.12 want: 0.25.12
1025 silly placeDep ROOT @esbuild/linux-s390x@0.25.12 OK for: esbuild@0.25.12 want: 0.25.12
1026 silly placeDep ROOT @esbuild/linux-x64@0.25.12 OK for: esbuild@0.25.12 want: 0.25.12
1027 silly placeDep ROOT @esbuild/netbsd-arm64@0.25.12 OK for: esbuild@0.25.12 want: 0.25.12
1028 silly placeDep ROOT @esbuild/netbsd-x64@0.25.12 OK for: esbuild@0.25.12 want: 0.25.12
1029 silly placeDep ROOT @esbuild/openbsd-arm64@0.25.12 OK for: esbuild@0.25.12 want: 0.25.12
1030 silly placeDep ROOT @esbuild/openbsd-x64@0.25.12 OK for: esbuild@0.25.12 want: 0.25.12
1031 silly placeDep ROOT @esbuild/openharmony-arm64@0.25.12 OK for: esbuild@0.25.12 want: 0.25.12
1032 silly placeDep ROOT @esbuild/sunos-x64@0.25.12 OK for: esbuild@0.25.12 want: 0.25.12
1033 silly placeDep ROOT @esbuild/win32-arm64@0.25.12 OK for: esbuild@0.25.12 want: 0.25.12
1034 silly placeDep ROOT @esbuild/win32-ia32@0.25.12 OK for: esbuild@0.25.12 want: 0.25.12
1035 silly placeDep ROOT @esbuild/win32-x64@0.25.12 OK for: esbuild@0.25.12 want: 0.25.12
1036 silly placeDep ROOT @rollup/rollup-android-arm-eabi@4.59.0 OK for: rollup@4.59.0 want: 4.59.0
1037 silly placeDep ROOT @rollup/rollup-android-arm64@4.59.0 OK for: rollup@4.59.0 want: 4.59.0
1038 silly placeDep ROOT @rollup/rollup-darwin-arm64@4.59.0 OK for: rollup@4.59.0 want: 4.59.0
1039 silly placeDep ROOT @rollup/rollup-darwin-x64@4.59.0 OK for: rollup@4.59.0 want: 4.59.0
1040 silly placeDep ROOT @rollup/rollup-freebsd-arm64@4.59.0 OK for: rollup@4.59.0 want: 4.59.0
1041 silly placeDep ROOT @rollup/rollup-freebsd-x64@4.59.0 OK for: rollup@4.59.0 want: 4.59.0
1042 silly placeDep ROOT @rollup/rollup-linux-arm-gnueabihf@4.59.0 OK for: rollup@4.59.0 want: 4.59.0
1043 silly placeDep ROOT @rollup/rollup-linux-arm-musleabihf@4.59.0 OK for: rollup@4.59.0 want: 4.59.0
1044 silly placeDep ROOT @rollup/rollup-linux-arm64-gnu@4.59.0 OK for: rollup@4.59.0 want: 4.59.0
1045 silly placeDep ROOT @rollup/rollup-linux-arm64-musl@4.59.0 OK for: rollup@4.59.0 want: 4.59.0
1046 silly placeDep ROOT @rollup/rollup-linux-loong64-gnu@4.59.0 OK for: rollup@4.59.0 want: 4.59.0
1047 silly placeDep ROOT @rollup/rollup-linux-loong64-musl@4.59.0 OK for: rollup@4.59.0 want: 4.59.0
1048 silly placeDep ROOT @rollup/rollup-linux-ppc64-gnu@4.59.0 OK for: rollup@4.59.0 want: 4.59.0
1049 silly placeDep ROOT @rollup/rollup-linux-ppc64-musl@4.59.0 OK for: rollup@4.59.0 want: 4.59.0
1050 silly placeDep ROOT @rollup/rollup-linux-riscv64-gnu@4.59.0 OK for: rollup@4.59.0 want: 4.59.0
1051 silly placeDep ROOT @rollup/rollup-linux-riscv64-musl@4.59.0 OK for: rollup@4.59.0 want: 4.59.0
1052 silly placeDep ROOT @rollup/rollup-linux-s390x-gnu@4.59.0 OK for: rollup@4.59.0 want: 4.59.0
1053 silly placeDep ROOT @rollup/rollup-linux-x64-gnu@4.59.0 OK for: rollup@4.59.0 want: 4.59.0
1054 silly placeDep ROOT @rollup/rollup-linux-x64-musl@4.59.0 OK for: rollup@4.59.0 want: 4.59.0
1055 silly placeDep ROOT @rollup/rollup-openbsd-x64@4.59.0 OK for: rollup@4.59.0 want: 4.59.0
1056 silly placeDep ROOT @rollup/rollup-openharmony-arm64@4.59.0 OK for: rollup@4.59.0 want: 4.59.0
1057 silly placeDep ROOT @rollup/rollup-win32-arm64-msvc@4.59.0 OK for: rollup@4.59.0 want: 4.59.0
1058 silly placeDep ROOT @rollup/rollup-win32-ia32-msvc@4.59.0 OK for: rollup@4.59.0 want: 4.59.0
1059 silly placeDep ROOT @rollup/rollup-win32-x64-gnu@4.59.0 OK for: rollup@4.59.0 want: 4.59.0
1060 silly placeDep ROOT @rollup/rollup-win32-x64-msvc@4.59.0 OK for: rollup@4.59.0 want: 4.59.0
1061 silly placeDep ROOT @types/estree@1.0.8 OK for: rollup@4.59.0 want: 1.0.8
1062 silly reify moves {}
1063 silly audit bulk request {
1063 silly audit   '@vitejs/plugin-react': [ '4.7.0' ],
1063 silly audit   vite: [ '6.4.1' ],
1063 silly audit   autoprefixer: [ '10.4.27' ],
1063 silly audit   postcss: [ '8.5.8' ],
1063 silly audit   react: [ '18.3.1' ],
1063 silly audit   'react-dom': [ '18.3.1' ],
1063 silly audit   tailwindcss: [ '3.4.19' ],
1063 silly audit   '@babel/core': [ '7.29.0' ],
1063 silly audit   '@babel/plugin-transform-react-jsx-self': [ '7.27.1' ],
1063 silly audit   '@babel/plugin-transform-react-jsx-source': [ '7.27.1' ],
1063 silly audit   '@rolldown/pluginutils': [ '1.0.0-beta.27' ],
1063 silly audit   '@types/babel__core': [ '7.20.5' ],
1063 silly audit   'react-refresh': [ '0.17.0' ],
1063 silly audit   '@babel/code-frame': [ '7.29.0' ],
1063 silly audit   '@babel/generator': [ '7.29.1' ],
1063 silly audit   '@babel/helper-compilation-targets': [ '7.28.6' ],
1063 silly audit   '@babel/helper-module-transforms': [ '7.28.6' ],
1063 silly audit   '@babel/helpers': [ '7.29.2' ],
1063 silly audit   '@babel/parser': [ '7.29.2' ],
1063 silly audit   '@babel/template': [ '7.28.6' ],
1063 silly audit   '@babel/traverse': [ '7.29.0' ],
1063 silly audit   '@babel/types': [ '7.29.0' ],
1063 silly audit   '@jridgewell/remapping': [ '2.3.5' ],
1063 silly audit   'convert-source-map': [ '2.0.0' ],
1063 silly audit   debug: [ '4.4.3' ],
1063 silly audit   gensync: [ '1.0.0-beta.2' ],
1063 silly audit   json5: [ '2.2.3' ],
1063 silly audit   semver: [ '6.3.1' ],
1063 silly audit   '@babel/helper-validator-identifier': [ '7.28.5' ],
1063 silly audit   'js-tokens': [ '4.0.0' ],
1063 silly audit   picocolors: [ '1.1.1' ],
1063 silly audit   '@jridgewell/gen-mapping': [ '0.3.13' ],
1063 silly audit   '@jridgewell/trace-mapping': [ '0.3.31' ],
1063 silly audit   jsesc: [ '3.1.0' ],
1063 silly audit   '@babel/compat-data': [ '7.29.0' ],
1063 silly audit   '@babel/helper-validator-option': [ '7.27.1' ],
1063 silly audit   browserslist: [ '4.28.1' ],
1063 silly audit   'lru-cache': [ '5.1.1' ],
1063 silly audit   '@babel/helper-module-imports': [ '7.28.6' ],
1063 silly audit   '@babel/helper-plugin-utils': [ '7.28.6' ],
1063 silly audit   '@babel/helper-globals': [ '7.28.0' ],
1063 silly audit   '@babel/helper-string-parser': [ '7.27.1' ],
1063 silly audit   '@jridgewell/sourcemap-codec': [ '1.5.5' ],
1063 silly audit   '@jridgewell/resolve-uri': [ '3.1.2' ],
1063 silly audit   '@types/babel__generator': [ '7.27.0' ],
1063 silly audit   '@types/babel__template': [ '7.4.4' ],
1063 silly audit   '@types/babel__traverse': [ '7.28.0' ],
1063 silly audit   'caniuse-lite': [ '1.0.30001780' ],
1063 silly audit   'fraction.js': [ '5.3.4' ],
1063 silly audit   'postcss-value-parser': [ '4.2.0' ],
1063 silly audit   'baseline-browser-mapping': [ '2.10.8' ],
1063 silly audit   'electron-to-chromium': [ '1.5.313' ],
1063 silly audit   'node-releases': [ '2.0.36' ],
1063 silly audit   'update-browserslist-db': [ '1.2.3' ],
1063 silly audit   ms: [ '2.1.3' ],
1063 silly audit   yallist: [ '3.1.1' ],
1063 silly audit   nanoid: [ '3.3.11' ],
1063 silly audit   'source-map-js': [ '1.2.1' ],
1063 silly audit   'loose-envify': [ '1.4.0' ],
1063 silly audit   scheduler: [ '0.23.2' ],
1063 silly audit   '@alloc/quick-lru': [ '5.2.0' ],
1063 silly audit   arg: [ '5.0.2' ],
1063 silly audit   chokidar: [ '3.6.0' ],
1063 silly audit   didyoumean: [ '1.2.2' ],
1063 silly audit   dlv: [ '1.1.3' ],
1063 silly audit   'fast-glob': [ '3.3.3' ],
1063 silly audit   'glob-parent': [ '6.0.2', '5.1.2' ],
1063 silly audit   'is-glob': [ '4.0.3' ],
1063 silly audit   jiti: [ '1.21.7' ],
1063 silly audit   lilconfig: [ '3.1.3' ],
1063 silly audit   micromatch: [ '4.0.8' ],
1063 silly audit   'normalize-path': [ '3.0.0' ],
1063 silly audit   'object-hash': [ '3.0.0' ],
1063 silly audit   'postcss-import': [ '15.1.0' ],
1063 silly audit   'postcss-js': [ '4.1.0' ],
1063 silly audit   'postcss-load-config': [ '6.0.1' ],
1063 silly audit   'postcss-nested': [ '6.2.0' ],
1063 silly audit   'postcss-selector-parser': [ '6.1.2' ],
1063 silly audit   resolve: [ '1.22.11' ],
1063 silly audit   sucrase: [ '3.35.1' ],
1063 silly audit   anymatch: [ '3.1.3' ],
1063 silly audit   braces: [ '3.0.3' ],
1063 silly audit   fsevents: [ '2.3.3' ],
1063 silly audit   'is-binary-path': [ '2.1.0' ],
1063 silly audit   readdirp: [ '3.6.0' ],
1063 silly audit   picomatch: [ '2.3.1', '4.0.3' ],
1063 silly audit   'fill-range': [ '7.1.1' ],
1063 silly audit   '@nodelib/fs.stat': [ '2.0.5' ],
1063 silly audit   '@nodelib/fs.walk': [ '1.2.8' ],
1063 silly audit   merge2: [ '1.4.1' ],
1063 silly audit   '@nodelib/fs.scandir': [ '2.1.5' ],
1063 silly audit   fastq: [ '1.20.1' ],
1063 silly audit   'run-parallel': [ '1.2.0' ],
1063 silly audit   reusify: [ '1.1.0' ],
1063 silly audit   'to-regex-range': [ '5.0.1' ],
1063 silly audit   'binary-extensions': [ '2.3.0' ],
1063 silly audit   'is-extglob': [ '2.1.1' ],
1063 silly audit   'read-cache': [ '1.0.0' ],
1063 silly audit   'camelcase-css': [ '2.0.1' ],
1063 silly audit   cssesc: [ '3.0.0' ],
1063 silly audit   'util-deprecate': [ '1.0.2' ],
1063 silly audit   pify: [ '2.3.0' ],
1063 silly audit   'is-core-module': [ '2.16.1' ],
1063 silly audit   'path-parse': [ '1.0.7' ],
1063 silly audit   'supports-preserve-symlinks-flag': [ '1.0.0' ],
1063 silly audit   hasown: [ '2.0.2' ],
1063 silly audit   'function-bind': [ '1.1.2' ],
1063 silly audit   'queue-microtask': [ '1.2.3' ],
1063 silly audit   commander: [ '4.1.1' ],
1063 silly audit   'lines-and-columns': [ '1.2.4' ],
1063 silly audit   mz: [ '2.7.0' ],
1063 silly audit   pirates: [ '4.0.7' ],
1063 silly audit   tinyglobby: [ '0.2.15' ],
1063 silly audit   'ts-interface-checker': [ '0.1.13' ],
1063 silly audit   'any-promise': [ '1.3.0' ],
1063 silly audit   'object-assign': [ '4.1.1' ],
1063 silly audit   'thenify-all': [ '1.6.0' ],
1063 silly audit   thenify: [ '3.3.1' ],
1063 silly audit   fdir: [ '6.5.0' ],
1063 silly audit   'is-number': [ '7.0.0' ],
1063 silly audit   escalade: [ '3.2.0' ],
1063 silly audit   esbuild: [ '0.25.12' ],
1063 silly audit   rollup: [ '4.59.0' ],
1063 silly audit   '@esbuild/aix-ppc64': [ '0.25.12' ],
1063 silly audit   '@esbuild/android-arm': [ '0.25.12' ],
1063 silly audit   '@esbuild/android-arm64': [ '0.25.12' ],
1063 silly audit   '@esbuild/android-x64': [ '0.25.12' ],
1063 silly audit   '@esbuild/darwin-arm64': [ '0.25.12' ],
1063 silly audit   '@esbuild/darwin-x64': [ '0.25.12' ],
1063 silly audit   '@esbuild/freebsd-arm64': [ '0.25.12' ],
1063 silly audit   '@esbuild/freebsd-x64': [ '0.25.12' ],
1063 silly audit   '@esbuild/linux-arm': [ '0.25.12' ],
1063 silly audit   '@esbuild/linux-arm64': [ '0.25.12' ],
1063 silly audit   '@esbuild/linux-ia32': [ '0.25.12' ],
1063 silly audit   '@esbuild/linux-loong64': [ '0.25.12' ],
1063 silly audit   '@esbuild/linux-mips64el': [ '0.25.12' ],
1063 silly audit   '@esbuild/linux-ppc64': [ '0.25.12' ],
1063 silly audit   '@esbuild/linux-riscv64': [ '0.25.12' ],
1063 silly audit   '@esbuild/linux-s390x': [ '0.25.12' ],
1063 silly audit   '@esbuild/linux-x64': [ '0.25.12' ],
1063 silly audit   '@esbuild/netbsd-arm64': [ '0.25.12' ],
1063 silly audit   '@esbuild/netbsd-x64': [ '0.25.12' ],
1063 silly audit   '@esbuild/openbsd-arm64': [ '0.25.12' ],
1063 silly audit   '@esbuild/openbsd-x64': [ '0.25.12' ],
1063 silly audit   '@esbuild/openharmony-arm64': [ '0.25.12' ],
1063 silly audit   '@esbuild/sunos-x64': [ '0.25.12' ],
1063 silly audit   '@esbuild/win32-arm64': [ '0.25.12' ],
1063 silly audit   '@esbuild/win32-ia32': [ '0.25.12' ],
1063 silly audit   '@esbuild/win32-x64': [ '0.25.12' ],
1063 silly audit   '@rollup/rollup-android-arm-eabi': [ '4.59.0' ],
1063 silly audit   '@rollup/rollup-android-arm64': [ '4.59.0' ],
1063 silly audit   '@rollup/rollup-darwin-arm64': [ '4.59.0' ],
1063 silly audit   '@rollup/rollup-darwin-x64': [ '4.59.0' ],
1063 silly audit   '@rollup/rollup-freebsd-arm64': [ '4.59.0' ],
1063 silly audit   '@rollup/rollup-freebsd-x64': [ '4.59.0' ],
1063 silly audit   '@rollup/rollup-linux-arm-gnueabihf': [ '4.59.0' ],
1063 silly audit   '@rollup/rollup-linux-arm-musleabihf': [ '4.59.0' ],
1063 silly audit   '@rollup/rollup-linux-arm64-gnu': [ '4.59.0' ],
1063 silly audit   '@rollup/rollup-linux-arm64-musl': [ '4.59.0' ],
1063 silly audit   '@rollup/rollup-linux-loong64-gnu': [ '4.59.0' ],
1063 silly audit   '@rollup/rollup-linux-loong64-musl': [ '4.59.0' ],
1063 silly audit   '@rollup/rollup-linux-ppc64-gnu': [ '4.59.0' ],
1063 silly audit   '@rollup/rollup-linux-ppc64-musl': [ '4.59.0' ],
1063 silly audit   '@rollup/rollup-linux-riscv64-gnu': [ '4.59.0' ],
1063 silly audit   '@rollup/rollup-linux-riscv64-musl': [ '4.59.0' ],
1063 silly audit   '@rollup/rollup-linux-s390x-gnu': [ '4.59.0' ],
1063 silly audit   '@rollup/rollup-linux-x64-gnu': [ '4.59.0' ],
1063 silly audit   '@rollup/rollup-linux-x64-musl': [ '4.59.0' ],
1063 silly audit   '@rollup/rollup-openbsd-x64': [ '4.59.0' ],
1063 silly audit   '@rollup/rollup-openharmony-arm64': [ '4.59.0' ],
1063 silly audit   '@rollup/rollup-win32-arm64-msvc': [ '4.59.0' ],
1063 silly audit   '@rollup/rollup-win32-ia32-msvc': [ '4.59.0' ],
1063 silly audit   '@rollup/rollup-win32-x64-gnu': [ '4.59.0' ],
1063 silly audit   '@rollup/rollup-win32-x64-msvc': [ '4.59.0' ],
1063 silly audit   '@types/estree': [ '1.0.8' ]
1063 silly audit }
1064 http cache @types/estree@https://registry.npmjs.org/@types/estree/-/estree-1.0.8.tgz 0ms (cache hit)
1065 http cache rollup@https://registry.npmjs.org/rollup/-/rollup-4.59.0.tgz 0ms (cache hit)
1066 http cache @esbuild/win32-x64@https://registry.npmjs.org/@esbuild/win32-x64/-/win32-x64-0.25.12.tgz 0ms (cache hit)
1067 http cache @rollup/rollup-win32-x64-msvc@https://registry.npmjs.org/@rollup/rollup-win32-x64-msvc/-/rollup-win32-x64-msvc-4.59.0.tgz 1ms (cache hit)
1068 http cache @rollup/rollup-win32-x64-gnu@https://registry.npmjs.org/@rollup/rollup-win32-x64-gnu/-/rollup-win32-x64-gnu-4.59.0.tgz 0ms (cache hit)
1069 http cache esbuild@https://registry.npmjs.org/esbuild/-/esbuild-0.25.12.tgz 0ms (cache hit)
1070 http cache escalade@https://registry.npmjs.org/escalade/-/escalade-3.2.0.tgz 0ms (cache hit)
1071 http cache thenify-all@https://registry.npmjs.org/thenify-all/-/thenify-all-1.6.0.tgz 0ms (cache hit)
1072 http cache thenify@https://registry.npmjs.org/thenify/-/thenify-3.3.1.tgz 0ms (cache hit)
1073 http cache is-number@https://registry.npmjs.org/is-number/-/is-number-7.0.0.tgz 0ms (cache hit)
1074 http cache object-assign@https://registry.npmjs.org/object-assign/-/object-assign-4.1.1.tgz 0ms (cache hit)
1075 http cache ts-interface-checker@https://registry.npmjs.org/ts-interface-checker/-/ts-interface-checker-0.1.13.tgz 0ms (cache hit)
1076 http cache pirates@https://registry.npmjs.org/pirates/-/pirates-4.0.7.tgz 0ms (cache hit)
1077 http cache tinyglobby@https://registry.npmjs.org/tinyglobby/-/tinyglobby-0.2.15.tgz 0ms (cache hit)
1078 http cache mz@https://registry.npmjs.org/mz/-/mz-2.7.0.tgz 0ms (cache hit)
1079 http cache lines-and-columns@https://registry.npmjs.org/lines-and-columns/-/lines-and-columns-1.2.4.tgz 0ms (cache hit)
1080 http cache any-promise@https://registry.npmjs.org/any-promise/-/any-promise-1.3.0.tgz 0ms (cache hit)
1081 http cache commander@https://registry.npmjs.org/commander/-/commander-4.1.1.tgz 0ms (cache hit)
1082 http cache queue-microtask@https://registry.npmjs.org/queue-microtask/-/queue-microtask-1.2.3.tgz 0ms (cache hit)
1083 http cache function-bind@https://registry.npmjs.org/function-bind/-/function-bind-1.1.2.tgz 0ms (cache hit)
1084 http cache hasown@https://registry.npmjs.org/hasown/-/hasown-2.0.2.tgz 0ms (cache hit)
1085 http cache path-parse@https://registry.npmjs.org/path-parse/-/path-parse-1.0.7.tgz 0ms (cache hit)
1086 http cache is-core-module@https://registry.npmjs.org/is-core-module/-/is-core-module-2.16.1.tgz 0ms (cache hit)
1087 http cache supports-preserve-symlinks-flag@https://registry.npmjs.org/supports-preserve-symlinks-flag/-/supports-preserve-symlinks-flag-1.0.0.tgz 0ms (cache hit)
1088 http cache pify@https://registry.npmjs.org/pify/-/pify-2.3.0.tgz 0ms (cache hit)
1089 http cache util-deprecate@https://registry.npmjs.org/util-deprecate/-/util-deprecate-1.0.2.tgz 0ms (cache hit)
1090 http cache cssesc@https://registry.npmjs.org/cssesc/-/cssesc-3.0.0.tgz 0ms (cache hit)
1091 http cache read-cache@https://registry.npmjs.org/read-cache/-/read-cache-1.0.0.tgz 0ms (cache hit)
1092 http cache camelcase-css@https://registry.npmjs.org/camelcase-css/-/camelcase-css-2.0.1.tgz 0ms (cache hit)
1093 http cache binary-extensions@https://registry.npmjs.org/binary-extensions/-/binary-extensions-2.3.0.tgz 0ms (cache hit)
1094 http cache to-regex-range@https://registry.npmjs.org/to-regex-range/-/to-regex-range-5.0.1.tgz 0ms (cache hit)
1095 http cache reusify@https://registry.npmjs.org/reusify/-/reusify-1.1.0.tgz 0ms (cache hit)
1096 http cache run-parallel@https://registry.npmjs.org/run-parallel/-/run-parallel-1.2.0.tgz 0ms (cache hit)
1097 http cache @nodelib/fs.walk@https://registry.npmjs.org/@nodelib/fs.walk/-/fs.walk-1.2.8.tgz 0ms (cache hit)
1098 http cache @nodelib/fs.stat@https://registry.npmjs.org/@nodelib/fs.stat/-/fs.stat-2.0.5.tgz 0ms (cache hit)
1099 http cache fastq@https://registry.npmjs.org/fastq/-/fastq-1.20.1.tgz 0ms (cache hit)
1100 http cache @nodelib/fs.scandir@https://registry.npmjs.org/@nodelib/fs.scandir/-/fs.scandir-2.1.5.tgz 0ms (cache hit)
1101 http cache merge2@https://registry.npmjs.org/merge2/-/merge2-1.4.1.tgz 0ms (cache hit)
1102 http cache picomatch@https://registry.npmjs.org/picomatch/-/picomatch-2.3.1.tgz 0ms (cache hit)
1103 http cache fill-range@https://registry.npmjs.org/fill-range/-/fill-range-7.1.1.tgz 0ms (cache hit)
1104 http cache braces@https://registry.npmjs.org/braces/-/braces-3.0.3.tgz 0ms (cache hit)
1105 http cache is-extglob@https://registry.npmjs.org/is-extglob/-/is-extglob-2.1.1.tgz 0ms (cache hit)
1106 http cache is-binary-path@https://registry.npmjs.org/is-binary-path/-/is-binary-path-2.1.0.tgz 0ms (cache hit)
1107 http cache readdirp@https://registry.npmjs.org/readdirp/-/readdirp-3.6.0.tgz 0ms (cache hit)
1108 http cache anymatch@https://registry.npmjs.org/anymatch/-/anymatch-3.1.3.tgz 0ms (cache hit)
1109 http cache sucrase@https://registry.npmjs.org/sucrase/-/sucrase-3.35.1.tgz 0ms (cache hit)
1110 http cache postcss-nested@https://registry.npmjs.org/postcss-nested/-/postcss-nested-6.2.0.tgz 0ms (cache hit)
1111 http cache postcss-selector-parser@https://registry.npmjs.org/postcss-selector-parser/-/postcss-selector-parser-6.1.2.tgz 0ms (cache hit)
1112 http cache postcss-js@https://registry.npmjs.org/postcss-js/-/postcss-js-4.1.0.tgz 0ms (cache hit)
1113 http cache postcss-load-config@https://registry.npmjs.org/postcss-load-config/-/postcss-load-config-6.0.1.tgz 0ms (cache hit)
1114 http cache object-hash@https://registry.npmjs.org/object-hash/-/object-hash-3.0.0.tgz 0ms (cache hit)
1115 http cache resolve@https://registry.npmjs.org/resolve/-/resolve-1.22.11.tgz 0ms (cache hit)
1116 http cache postcss-import@https://registry.npmjs.org/postcss-import/-/postcss-import-15.1.0.tgz 0ms (cache hit)
1117 http cache micromatch@https://registry.npmjs.org/micromatch/-/micromatch-4.0.8.tgz 0ms (cache hit)
1118 http cache lilconfig@https://registry.npmjs.org/lilconfig/-/lilconfig-3.1.3.tgz 0ms (cache hit)
1119 http cache is-glob@https://registry.npmjs.org/is-glob/-/is-glob-4.0.3.tgz 0ms (cache hit)
1120 http cache glob-parent@https://registry.npmjs.org/glob-parent/-/glob-parent-6.0.2.tgz 0ms (cache hit)
1121 http cache jiti@https://registry.npmjs.org/jiti/-/jiti-1.21.7.tgz 0ms (cache hit)
1122 http cache normalize-path@https://registry.npmjs.org/normalize-path/-/normalize-path-3.0.0.tgz 0ms (cache hit)
1123 http cache fast-glob@https://registry.npmjs.org/fast-glob/-/fast-glob-3.3.3.tgz 0ms (cache hit)
1124 http cache dlv@https://registry.npmjs.org/dlv/-/dlv-1.1.3.tgz 0ms (cache hit)
1125 http cache @alloc/quick-lru@https://registry.npmjs.org/@alloc/quick-lru/-/quick-lru-5.2.0.tgz 0ms (cache hit)
1126 http cache didyoumean@https://registry.npmjs.org/didyoumean/-/didyoumean-1.2.2.tgz 0ms (cache hit)
1127 http cache chokidar@https://registry.npmjs.org/chokidar/-/chokidar-3.6.0.tgz 0ms (cache hit)
1128 http cache source-map-js@https://registry.npmjs.org/source-map-js/-/source-map-js-1.2.1.tgz 0ms (cache hit)
1129 http cache scheduler@https://registry.npmjs.org/scheduler/-/scheduler-0.23.2.tgz 0ms (cache hit)
1130 http cache arg@https://registry.npmjs.org/arg/-/arg-5.0.2.tgz 0ms (cache hit)
1131 http cache loose-envify@https://registry.npmjs.org/loose-envify/-/loose-envify-1.4.0.tgz 0ms (cache hit)
1132 http cache nanoid@https://registry.npmjs.org/nanoid/-/nanoid-3.3.11.tgz 0ms (cache hit)
1133 http cache ms@https://registry.npmjs.org/ms/-/ms-2.1.3.tgz 0ms (cache hit)
1134 http cache yallist@https://registry.npmjs.org/yallist/-/yallist-3.1.1.tgz 0ms (cache hit)
1135 http cache node-releases@https://registry.npmjs.org/node-releases/-/node-releases-2.0.36.tgz 0ms (cache hit)
1136 http cache update-browserslist-db@https://registry.npmjs.org/update-browserslist-db/-/update-browserslist-db-1.2.3.tgz 0ms (cache hit)
1137 http cache electron-to-chromium@https://registry.npmjs.org/electron-to-chromium/-/electron-to-chromium-1.5.313.tgz 0ms (cache hit)
1138 http cache fraction.js@https://registry.npmjs.org/fraction.js/-/fraction.js-5.3.4.tgz 0ms (cache hit)
1139 http cache baseline-browser-mapping@https://registry.npmjs.org/baseline-browser-mapping/-/baseline-browser-mapping-2.10.8.tgz 1ms (cache hit)
1140 http cache caniuse-lite@https://registry.npmjs.org/caniuse-lite/-/caniuse-lite-1.0.30001780.tgz 0ms (cache hit)
1141 http cache @jridgewell/resolve-uri@https://registry.npmjs.org/@jridgewell/resolve-uri/-/resolve-uri-3.1.2.tgz 0ms (cache hit)
1142 http cache @types/babel__traverse@https://registry.npmjs.org/@types/babel__traverse/-/babel__traverse-7.28.0.tgz 0ms (cache hit)
1143 http cache @types/babel__template@https://registry.npmjs.org/@types/babel__template/-/babel__template-7.4.4.tgz 0ms (cache hit)
1144 http cache postcss-value-parser@https://registry.npmjs.org/postcss-value-parser/-/postcss-value-parser-4.2.0.tgz 0ms (cache hit)
1145 http cache @jridgewell/sourcemap-codec@https://registry.npmjs.org/@jridgewell/sourcemap-codec/-/sourcemap-codec-1.5.5.tgz 0ms (cache hit)
1146 http cache @types/babel__generator@https://registry.npmjs.org/@types/babel__generator/-/babel__generator-7.27.0.tgz 0ms (cache hit)
1147 http cache @babel/helper-string-parser@https://registry.npmjs.org/@babel/helper-string-parser/-/helper-string-parser-7.27.1.tgz 0ms (cache hit)
1148 http cache browserslist@https://registry.npmjs.org/browserslist/-/browserslist-4.28.1.tgz 0ms (cache hit)
1149 http cache lru-cache@https://registry.npmjs.org/lru-cache/-/lru-cache-5.1.1.tgz 0ms (cache hit)
1150 http cache @babel/helper-plugin-utils@https://registry.npmjs.org/@babel/helper-plugin-utils/-/helper-plugin-utils-7.28.6.tgz 0ms (cache hit)
1151 http cache @babel/helper-globals@https://registry.npmjs.org/@babel/helper-globals/-/helper-globals-7.28.0.tgz 0ms (cache hit)
1152 http cache @babel/helper-validator-option@https://registry.npmjs.org/@babel/helper-validator-option/-/helper-validator-option-7.27.1.tgz 0ms (cache hit)
1153 http cache @babel/helper-module-imports@https://registry.npmjs.org/@babel/helper-module-imports/-/helper-module-imports-7.28.6.tgz 0ms (cache hit)
1154 http cache jsesc@https://registry.npmjs.org/jsesc/-/jsesc-3.1.0.tgz 0ms (cache hit)
1155 http cache @jridgewell/trace-mapping@https://registry.npmjs.org/@jridgewell/trace-mapping/-/trace-mapping-0.3.31.tgz 0ms (cache hit)
1156 http cache @babel/compat-data@https://registry.npmjs.org/@babel/compat-data/-/compat-data-7.29.0.tgz 0ms (cache hit)
1157 http cache @babel/helper-validator-identifier@https://registry.npmjs.org/@babel/helper-validator-identifier/-/helper-validator-identifier-7.28.5.tgz 0ms (cache hit)
1158 http cache @jridgewell/gen-mapping@https://registry.npmjs.org/@jridgewell/gen-mapping/-/gen-mapping-0.3.13.tgz 0ms (cache hit)
1159 http cache js-tokens@https://registry.npmjs.org/js-tokens/-/js-tokens-4.0.0.tgz 0ms (cache hit)
1160 http cache picocolors@https://registry.npmjs.org/picocolors/-/picocolors-1.1.1.tgz 0ms (cache hit)
1161 http cache gensync@https://registry.npmjs.org/gensync/-/gensync-1.0.0-beta.2.tgz 0ms (cache hit)
1162 http cache json5@https://registry.npmjs.org/json5/-/json5-2.2.3.tgz 0ms (cache hit)
1163 http cache semver@https://registry.npmjs.org/semver/-/semver-6.3.1.tgz 0ms (cache hit)
1164 http cache @jridgewell/remapping@https://registry.npmjs.org/@jridgewell/remapping/-/remapping-2.3.5.tgz 0ms (cache hit)
1165 http cache debug@https://registry.npmjs.org/debug/-/debug-4.4.3.tgz 0ms (cache hit)
1166 http cache @babel/template@https://registry.npmjs.org/@babel/template/-/template-7.28.6.tgz 0ms (cache hit)
1167 http cache convert-source-map@https://registry.npmjs.org/convert-source-map/-/convert-source-map-2.0.0.tgz 0ms (cache hit)
1168 http cache @babel/types@https://registry.npmjs.org/@babel/types/-/types-7.29.0.tgz 0ms (cache hit)
1169 http cache @babel/traverse@https://registry.npmjs.org/@babel/traverse/-/traverse-7.29.0.tgz 0ms (cache hit)
1170 http cache @babel/parser@https://registry.npmjs.org/@babel/parser/-/parser-7.29.2.tgz 0ms (cache hit)
1171 http cache @babel/helper-module-transforms@https://registry.npmjs.org/@babel/helper-module-transforms/-/helper-module-transforms-7.28.6.tgz 0ms (cache hit)
1172 http cache @babel/helpers@https://registry.npmjs.org/@babel/helpers/-/helpers-7.29.2.tgz 0ms (cache hit)
1173 http cache @babel/helper-compilation-targets@https://registry.npmjs.org/@babel/helper-compilation-targets/-/helper-compilation-targets-7.28.6.tgz 0ms (cache hit)
1174 http cache @babel/code-frame@https://registry.npmjs.org/@babel/code-frame/-/code-frame-7.29.0.tgz 0ms (cache hit)
1175 http cache react-refresh@https://registry.npmjs.org/react-refresh/-/react-refresh-0.17.0.tgz 0ms (cache hit)
1176 http cache @babel/generator@https://registry.npmjs.org/@babel/generator/-/generator-7.29.1.tgz 0ms (cache hit)
1177 http cache @types/babel__core@https://registry.npmjs.org/@types/babel__core/-/babel__core-7.20.5.tgz 0ms (cache hit)
1178 http cache @rolldown/pluginutils@https://registry.npmjs.org/@rolldown/pluginutils/-/pluginutils-1.0.0-beta.27.tgz 0ms (cache hit)
1179 http cache tailwindcss@https://registry.npmjs.org/tailwindcss/-/tailwindcss-3.4.19.tgz 0ms (cache hit)
1180 http cache react-dom@https://registry.npmjs.org/react-dom/-/react-dom-18.3.1.tgz 0ms (cache hit)
1181 http cache @babel/plugin-transform-react-jsx-source@https://registry.npmjs.org/@babel/plugin-transform-react-jsx-source/-/plugin-transform-react-jsx-source-7.27.1.tgz 0ms (cache hit)
1182 http cache react@https://registry.npmjs.org/react/-/react-18.3.1.tgz 0ms (cache hit)
1183 http cache @babel/core@https://registry.npmjs.org/@babel/core/-/core-7.29.0.tgz 0ms (cache hit)
1184 http cache @babel/plugin-transform-react-jsx-self@https://registry.npmjs.org/@babel/plugin-transform-react-jsx-self/-/plugin-transform-react-jsx-self-7.27.1.tgz 0ms (cache hit)
1185 http cache picomatch@https://registry.npmjs.org/picomatch/-/picomatch-4.0.3.tgz 0ms (cache hit)
1186 http cache postcss@https://registry.npmjs.org/postcss/-/postcss-8.5.8.tgz 0ms (cache hit)
1187 http cache @vitejs/plugin-react@https://registry.npmjs.org/@vitejs/plugin-react/-/plugin-react-4.7.0.tgz 0ms (cache hit)
1188 http cache vite@https://registry.npmjs.org/vite/-/vite-6.4.1.tgz 0ms (cache hit)
1189 http cache autoprefixer@https://registry.npmjs.org/autoprefixer/-/autoprefixer-10.4.27.tgz 0ms (cache hit)
1190 http cache glob-parent@https://registry.npmjs.org/glob-parent/-/glob-parent-5.1.2.tgz 0ms (cache hit)
1191 http cache fdir@https://registry.npmjs.org/fdir/-/fdir-6.5.0.tgz 0ms (cache hit)
1192 http cache glob-parent@https://registry.npmjs.org/glob-parent/-/glob-parent-5.1.2.tgz 0ms (cache hit)
1193 http cache picomatch@https://registry.npmjs.org/picomatch/-/picomatch-4.0.3.tgz 0ms (cache hit)
1194 silly tarball no local data for @types/estree@https://registry.npmjs.org/@types/estree/-/estree-1.0.8.tgz. Extracting by manifest.
1195 silly tarball no local data for rollup@https://registry.npmjs.org/rollup/-/rollup-4.59.0.tgz. Extracting by manifest.
1196 silly tarball no local data for @esbuild/win32-x64@https://registry.npmjs.org/@esbuild/win32-x64/-/win32-x64-0.25.12.tgz. Extracting by manifest.
1197 silly tarball no local data for @rollup/rollup-win32-x64-msvc@https://registry.npmjs.org/@rollup/rollup-win32-x64-msvc/-/rollup-win32-x64-msvc-4.59.0.tgz. Extracting by manifest.
1198 silly tarball no local data for @rollup/rollup-win32-x64-gnu@https://registry.npmjs.org/@rollup/rollup-win32-x64-gnu/-/rollup-win32-x64-gnu-4.59.0.tgz. Extracting by manifest.
1199 silly tarball no local data for esbuild@https://registry.npmjs.org/esbuild/-/esbuild-0.25.12.tgz. Extracting by manifest.
1200 silly tarball no local data for escalade@https://registry.npmjs.org/escalade/-/escalade-3.2.0.tgz. Extracting by manifest.
1201 silly tarball no local data for thenify-all@https://registry.npmjs.org/thenify-all/-/thenify-all-1.6.0.tgz. Extracting by manifest.
1202 silly tarball no local data for thenify@https://registry.npmjs.org/thenify/-/thenify-3.3.1.tgz. Extracting by manifest.
1203 silly tarball no local data for is-number@https://registry.npmjs.org/is-number/-/is-number-7.0.0.tgz. Extracting by manifest.
1204 http cache fdir@https://registry.npmjs.org/fdir/-/fdir-6.5.0.tgz 0ms (cache hit)
1205 silly tarball no local data for object-assign@https://registry.npmjs.org/object-assign/-/object-assign-4.1.1.tgz. Extracting by manifest.
1206 silly tarball no local data for ts-interface-checker@https://registry.npmjs.org/ts-interface-checker/-/ts-interface-checker-0.1.13.tgz. Extracting by manifest.
1207 silly tarball no local data for pirates@https://registry.npmjs.org/pirates/-/pirates-4.0.7.tgz. Extracting by manifest.
1208 silly tarball no local data for tinyglobby@https://registry.npmjs.org/tinyglobby/-/tinyglobby-0.2.15.tgz. Extracting by manifest.
1209 silly tarball no local data for mz@https://registry.npmjs.org/mz/-/mz-2.7.0.tgz. Extracting by manifest.
1210 silly tarball no local data for lines-and-columns@https://registry.npmjs.org/lines-and-columns/-/lines-and-columns-1.2.4.tgz. Extracting by manifest.
1211 silly tarball no local data for any-promise@https://registry.npmjs.org/any-promise/-/any-promise-1.3.0.tgz. Extracting by manifest.
1212 silly tarball no local data for commander@https://registry.npmjs.org/commander/-/commander-4.1.1.tgz. Extracting by manifest.
1213 silly tarball no local data for queue-microtask@https://registry.npmjs.org/queue-microtask/-/queue-microtask-1.2.3.tgz. Extracting by manifest.
1214 silly tarball no local data for function-bind@https://registry.npmjs.org/function-bind/-/function-bind-1.1.2.tgz. Extracting by manifest.
1215 silly tarball no local data for hasown@https://registry.npmjs.org/hasown/-/hasown-2.0.2.tgz. Extracting by manifest.
1216 silly tarball no local data for path-parse@https://registry.npmjs.org/path-parse/-/path-parse-1.0.7.tgz. Extracting by manifest.
1217 silly tarball no local data for is-core-module@https://registry.npmjs.org/is-core-module/-/is-core-module-2.16.1.tgz. Extracting by manifest.
1218 silly tarball no local data for supports-preserve-symlinks-flag@https://registry.npmjs.org/supports-preserve-symlinks-flag/-/supports-preserve-symlinks-flag-1.0.0.tgz. Extracting by manifest.
1219 silly tarball no local data for pify@https://registry.npmjs.org/pify/-/pify-2.3.0.tgz. Extracting by manifest.
1220 silly tarball no local data for util-deprecate@https://registry.npmjs.org/util-deprecate/-/util-deprecate-1.0.2.tgz. Extracting by manifest.
1221 silly tarball no local data for cssesc@https://registry.npmjs.org/cssesc/-/cssesc-3.0.0.tgz. Extracting by manifest.
1222 silly tarball no local data for read-cache@https://registry.npmjs.org/read-cache/-/read-cache-1.0.0.tgz. Extracting by manifest.
1223 silly tarball no local data for camelcase-css@https://registry.npmjs.org/camelcase-css/-/camelcase-css-2.0.1.tgz. Extracting by manifest.
1224 silly tarball no local data for binary-extensions@https://registry.npmjs.org/binary-extensions/-/binary-extensions-2.3.0.tgz. Extracting by manifest.
1225 silly tarball no local data for to-regex-range@https://registry.npmjs.org/to-regex-range/-/to-regex-range-5.0.1.tgz. Extracting by manifest.
1226 silly tarball no local data for reusify@https://registry.npmjs.org/reusify/-/reusify-1.1.0.tgz. Extracting by manifest.
1227 silly tarball no local data for run-parallel@https://registry.npmjs.org/run-parallel/-/run-parallel-1.2.0.tgz. Extracting by manifest.
1228 silly tarball no local data for @nodelib/fs.walk@https://registry.npmjs.org/@nodelib/fs.walk/-/fs.walk-1.2.8.tgz. Extracting by manifest.
1229 silly tarball no local data for @nodelib/fs.stat@https://registry.npmjs.org/@nodelib/fs.stat/-/fs.stat-2.0.5.tgz. Extracting by manifest.
1230 silly tarball no local data for fastq@https://registry.npmjs.org/fastq/-/fastq-1.20.1.tgz. Extracting by manifest.
1231 silly tarball no local data for @nodelib/fs.scandir@https://registry.npmjs.org/@nodelib/fs.scandir/-/fs.scandir-2.1.5.tgz. Extracting by manifest.
1232 silly tarball no local data for merge2@https://registry.npmjs.org/merge2/-/merge2-1.4.1.tgz. Extracting by manifest.
1233 silly tarball no local data for picomatch@https://registry.npmjs.org/picomatch/-/picomatch-2.3.1.tgz. Extracting by manifest.
1234 silly tarball no local data for fill-range@https://registry.npmjs.org/fill-range/-/fill-range-7.1.1.tgz. Extracting by manifest.
1235 silly tarball no local data for braces@https://registry.npmjs.org/braces/-/braces-3.0.3.tgz. Extracting by manifest.
1236 silly tarball no local data for is-extglob@https://registry.npmjs.org/is-extglob/-/is-extglob-2.1.1.tgz. Extracting by manifest.
1237 silly tarball no local data for is-binary-path@https://registry.npmjs.org/is-binary-path/-/is-binary-path-2.1.0.tgz. Extracting by manifest.
1238 silly tarball no local data for readdirp@https://registry.npmjs.org/readdirp/-/readdirp-3.6.0.tgz. Extracting by manifest.
1239 silly tarball no local data for anymatch@https://registry.npmjs.org/anymatch/-/anymatch-3.1.3.tgz. Extracting by manifest.
1240 silly tarball no local data for sucrase@https://registry.npmjs.org/sucrase/-/sucrase-3.35.1.tgz. Extracting by manifest.
1241 silly tarball no local data for postcss-nested@https://registry.npmjs.org/postcss-nested/-/postcss-nested-6.2.0.tgz. Extracting by manifest.
1242 silly tarball no local data for postcss-selector-parser@https://registry.npmjs.org/postcss-selector-parser/-/postcss-selector-parser-6.1.2.tgz. Extracting by manifest.
1243 silly tarball no local data for postcss-js@https://registry.npmjs.org/postcss-js/-/postcss-js-4.1.0.tgz. Extracting by manifest.
1244 silly tarball no local data for postcss-load-config@https://registry.npmjs.org/postcss-load-config/-/postcss-load-config-6.0.1.tgz. Extracting by manifest.
1245 silly tarball no local data for object-hash@https://registry.npmjs.org/object-hash/-/object-hash-3.0.0.tgz. Extracting by manifest.
1246 silly tarball no local data for resolve@https://registry.npmjs.org/resolve/-/resolve-1.22.11.tgz. Extracting by manifest.
1247 silly tarball no local data for postcss-import@https://registry.npmjs.org/postcss-import/-/postcss-import-15.1.0.tgz. Extracting by manifest.
1248 silly tarball no local data for micromatch@https://registry.npmjs.org/micromatch/-/micromatch-4.0.8.tgz. Extracting by manifest.
1249 silly tarball no local data for lilconfig@https://registry.npmjs.org/lilconfig/-/lilconfig-3.1.3.tgz. Extracting by manifest.
1250 silly tarball no local data for is-glob@https://registry.npmjs.org/is-glob/-/is-glob-4.0.3.tgz. Extracting by manifest.
1251 silly tarball no local data for glob-parent@https://registry.npmjs.org/glob-parent/-/glob-parent-6.0.2.tgz. Extracting by manifest.
1252 silly tarball no local data for jiti@https://registry.npmjs.org/jiti/-/jiti-1.21.7.tgz. Extracting by manifest.
1253 silly tarball no local data for normalize-path@https://registry.npmjs.org/normalize-path/-/normalize-path-3.0.0.tgz. Extracting by manifest.
1254 silly tarball no local data for fast-glob@https://registry.npmjs.org/fast-glob/-/fast-glob-3.3.3.tgz. Extracting by manifest.
1255 silly tarball no local data for dlv@https://registry.npmjs.org/dlv/-/dlv-1.1.3.tgz. Extracting by manifest.
1256 silly tarball no local data for @alloc/quick-lru@https://registry.npmjs.org/@alloc/quick-lru/-/quick-lru-5.2.0.tgz. Extracting by manifest.
1257 silly tarball no local data for didyoumean@https://registry.npmjs.org/didyoumean/-/didyoumean-1.2.2.tgz. Extracting by manifest.
1258 silly tarball no local data for chokidar@https://registry.npmjs.org/chokidar/-/chokidar-3.6.0.tgz. Extracting by manifest.
1259 silly tarball no local data for source-map-js@https://registry.npmjs.org/source-map-js/-/source-map-js-1.2.1.tgz. Extracting by manifest.
1260 silly tarball no local data for scheduler@https://registry.npmjs.org/scheduler/-/scheduler-0.23.2.tgz. Extracting by manifest.
1261 silly tarball no local data for arg@https://registry.npmjs.org/arg/-/arg-5.0.2.tgz. Extracting by manifest.
1262 silly tarball no local data for loose-envify@https://registry.npmjs.org/loose-envify/-/loose-envify-1.4.0.tgz. Extracting by manifest.
1263 silly tarball no local data for nanoid@https://registry.npmjs.org/nanoid/-/nanoid-3.3.11.tgz. Extracting by manifest.
1264 silly tarball no local data for ms@https://registry.npmjs.org/ms/-/ms-2.1.3.tgz. Extracting by manifest.
1265 silly tarball no local data for yallist@https://registry.npmjs.org/yallist/-/yallist-3.1.1.tgz. Extracting by manifest.
1266 silly tarball no local data for node-releases@https://registry.npmjs.org/node-releases/-/node-releases-2.0.36.tgz. Extracting by manifest.
1267 silly tarball no local data for update-browserslist-db@https://registry.npmjs.org/update-browserslist-db/-/update-browserslist-db-1.2.3.tgz. Extracting by manifest.
1268 silly tarball no local data for electron-to-chromium@https://registry.npmjs.org/electron-to-chromium/-/electron-to-chromium-1.5.313.tgz. Extracting by manifest.
1269 silly tarball no local data for fraction.js@https://registry.npmjs.org/fraction.js/-/fraction.js-5.3.4.tgz. Extracting by manifest.
1270 silly tarball no local data for baseline-browser-mapping@https://registry.npmjs.org/baseline-browser-mapping/-/baseline-browser-mapping-2.10.8.tgz. Extracting by manifest.
1271 silly tarball no local data for caniuse-lite@https://registry.npmjs.org/caniuse-lite/-/caniuse-lite-1.0.30001780.tgz. Extracting by manifest.
1272 silly tarball no local data for @jridgewell/resolve-uri@https://registry.npmjs.org/@jridgewell/resolve-uri/-/resolve-uri-3.1.2.tgz. Extracting by manifest.
1273 silly tarball no local data for @types/babel__traverse@https://registry.npmjs.org/@types/babel__traverse/-/babel__traverse-7.28.0.tgz. Extracting by manifest.
1274 silly tarball no local data for @types/babel__template@https://registry.npmjs.org/@types/babel__template/-/babel__template-7.4.4.tgz. Extracting by manifest.
1275 silly tarball no local data for postcss-value-parser@https://registry.npmjs.org/postcss-value-parser/-/postcss-value-parser-4.2.0.tgz. Extracting by manifest.
1276 silly tarball no local data for @jridgewell/sourcemap-codec@https://registry.npmjs.org/@jridgewell/sourcemap-codec/-/sourcemap-codec-1.5.5.tgz. Extracting by manifest.
1277 silly tarball no local data for @types/babel__generator@https://registry.npmjs.org/@types/babel__generator/-/babel__generator-7.27.0.tgz. Extracting by manifest.
1278 silly tarball no local data for @babel/helper-string-parser@https://registry.npmjs.org/@babel/helper-string-parser/-/helper-string-parser-7.27.1.tgz. Extracting by manifest.
1279 silly tarball no local data for browserslist@https://registry.npmjs.org/browserslist/-/browserslist-4.28.1.tgz. Extracting by manifest.
1280 silly tarball no local data for lru-cache@https://registry.npmjs.org/lru-cache/-/lru-cache-5.1.1.tgz. Extracting by manifest.
1281 silly tarball no local data for @babel/helper-plugin-utils@https://registry.npmjs.org/@babel/helper-plugin-utils/-/helper-plugin-utils-7.28.6.tgz. Extracting by manifest.
1282 silly tarball no local data for @babel/helper-globals@https://registry.npmjs.org/@babel/helper-globals/-/helper-globals-7.28.0.tgz. Extracting by manifest.
1283 silly tarball no local data for @babel/helper-validator-option@https://registry.npmjs.org/@babel/helper-validator-option/-/helper-validator-option-7.27.1.tgz. Extracting by manifest.
1284 silly tarball no local data for @babel/helper-module-imports@https://registry.npmjs.org/@babel/helper-module-imports/-/helper-module-imports-7.28.6.tgz. Extracting by manifest.
1285 silly tarball no local data for jsesc@https://registry.npmjs.org/jsesc/-/jsesc-3.1.0.tgz. Extracting by manifest.
1286 silly tarball no local data for @jridgewell/trace-mapping@https://registry.npmjs.org/@jridgewell/trace-mapping/-/trace-mapping-0.3.31.tgz. Extracting by manifest.
1287 silly tarball no local data for @babel/compat-data@https://registry.npmjs.org/@babel/compat-data/-/compat-data-7.29.0.tgz. Extracting by manifest.
1288 silly tarball no local data for @babel/helper-validator-identifier@https://registry.npmjs.org/@babel/helper-validator-identifier/-/helper-validator-identifier-7.28.5.tgz. Extracting by manifest.
1289 silly tarball no local data for @jridgewell/gen-mapping@https://registry.npmjs.org/@jridgewell/gen-mapping/-/gen-mapping-0.3.13.tgz. Extracting by manifest.
1290 silly tarball no local data for js-tokens@https://registry.npmjs.org/js-tokens/-/js-tokens-4.0.0.tgz. Extracting by manifest.
1291 silly tarball no local data for picocolors@https://registry.npmjs.org/picocolors/-/picocolors-1.1.1.tgz. Extracting by manifest.
1292 silly tarball no local data for gensync@https://registry.npmjs.org/gensync/-/gensync-1.0.0-beta.2.tgz. Extracting by manifest.
1293 silly tarball no local data for json5@https://registry.npmjs.org/json5/-/json5-2.2.3.tgz. Extracting by manifest.
1294 silly tarball no local data for semver@https://registry.npmjs.org/semver/-/semver-6.3.1.tgz. Extracting by manifest.
1295 silly tarball no local data for @jridgewell/remapping@https://registry.npmjs.org/@jridgewell/remapping/-/remapping-2.3.5.tgz. Extracting by manifest.
1296 silly tarball no local data for debug@https://registry.npmjs.org/debug/-/debug-4.4.3.tgz. Extracting by manifest.
1297 silly tarball no local data for @babel/template@https://registry.npmjs.org/@babel/template/-/template-7.28.6.tgz. Extracting by manifest.
1298 silly tarball no local data for convert-source-map@https://registry.npmjs.org/convert-source-map/-/convert-source-map-2.0.0.tgz. Extracting by manifest.
1299 silly tarball no local data for @babel/types@https://registry.npmjs.org/@babel/types/-/types-7.29.0.tgz. Extracting by manifest.
1300 silly tarball no local data for @babel/traverse@https://registry.npmjs.org/@babel/traverse/-/traverse-7.29.0.tgz. Extracting by manifest.
1301 silly tarball no local data for @babel/parser@https://registry.npmjs.org/@babel/parser/-/parser-7.29.2.tgz. Extracting by manifest.
1302 silly tarball no local data for @babel/helper-module-transforms@https://registry.npmjs.org/@babel/helper-module-transforms/-/helper-module-transforms-7.28.6.tgz. Extracting by manifest.
1303 silly tarball no local data for @babel/helpers@https://registry.npmjs.org/@babel/helpers/-/helpers-7.29.2.tgz. Extracting by manifest.
1304 silly tarball no local data for @babel/helper-compilation-targets@https://registry.npmjs.org/@babel/helper-compilation-targets/-/helper-compilation-targets-7.28.6.tgz. Extracting by manifest.
1305 silly tarball no local data for @babel/code-frame@https://registry.npmjs.org/@babel/code-frame/-/code-frame-7.29.0.tgz. Extracting by manifest.
1306 silly tarball no local data for react-refresh@https://registry.npmjs.org/react-refresh/-/react-refresh-0.17.0.tgz. Extracting by manifest.
1307 silly tarball no local data for @babel/generator@https://registry.npmjs.org/@babel/generator/-/generator-7.29.1.tgz. Extracting by manifest.
1308 silly tarball no local data for @types/babel__core@https://registry.npmjs.org/@types/babel__core/-/babel__core-7.20.5.tgz. Extracting by manifest.
1309 silly tarball no local data for @rolldown/pluginutils@https://registry.npmjs.org/@rolldown/pluginutils/-/pluginutils-1.0.0-beta.27.tgz. Extracting by manifest.
1310 silly tarball no local data for tailwindcss@https://registry.npmjs.org/tailwindcss/-/tailwindcss-3.4.19.tgz. Extracting by manifest.
1311 silly tarball no local data for react-dom@https://registry.npmjs.org/react-dom/-/react-dom-18.3.1.tgz. Extracting by manifest.
1312 silly tarball no local data for @babel/plugin-transform-react-jsx-source@https://registry.npmjs.org/@babel/plugin-transform-react-jsx-source/-/plugin-transform-react-jsx-source-7.27.1.tgz. Extracting by manifest.
1313 silly tarball no local data for react@https://registry.npmjs.org/react/-/react-18.3.1.tgz. Extracting by manifest.
1314 silly tarball no local data for @babel/core@https://registry.npmjs.org/@babel/core/-/core-7.29.0.tgz. Extracting by manifest.
1315 silly tarball no local data for @babel/plugin-transform-react-jsx-self@https://registry.npmjs.org/@babel/plugin-transform-react-jsx-self/-/plugin-transform-react-jsx-self-7.27.1.tgz. Extracting by manifest.
1316 silly tarball no local data for picomatch@https://registry.npmjs.org/picomatch/-/picomatch-4.0.3.tgz. Extracting by manifest.
1317 silly tarball no local data for postcss@https://registry.npmjs.org/postcss/-/postcss-8.5.8.tgz. Extracting by manifest.
1318 silly tarball no local data for @vitejs/plugin-react@https://registry.npmjs.org/@vitejs/plugin-react/-/plugin-react-4.7.0.tgz. Extracting by manifest.
1319 silly tarball no local data for vite@https://registry.npmjs.org/vite/-/vite-6.4.1.tgz. Extracting by manifest.
1320 silly tarball no local data for autoprefixer@https://registry.npmjs.org/autoprefixer/-/autoprefixer-10.4.27.tgz. Extracting by manifest.
1321 silly tarball no local data for glob-parent@https://registry.npmjs.org/glob-parent/-/glob-parent-5.1.2.tgz. Extracting by manifest.
1322 silly tarball no local data for fdir@https://registry.npmjs.org/fdir/-/fdir-6.5.0.tgz. Extracting by manifest.
1323 silly tarball no local data for glob-parent@https://registry.npmjs.org/glob-parent/-/glob-parent-5.1.2.tgz. Extracting by manifest.
1324 silly tarball no local data for picomatch@https://registry.npmjs.org/picomatch/-/picomatch-4.0.3.tgz. Extracting by manifest.
1325 silly tarball no local data for fdir@https://registry.npmjs.org/fdir/-/fdir-6.5.0.tgz. Extracting by manifest.
1326 http fetch POST 200 https://registry.npmjs.org/-/npm/v1/security/advisories/bulk 197ms
1327 silly audit report {}
1328 http fetch GET 200 https://registry.npmjs.org/thenify/-/thenify-3.3.1.tgz 158ms (cache miss)
1329 http fetch GET 200 https://registry.npmjs.org/thenify-all/-/thenify-all-1.6.0.tgz 160ms (cache miss)
1330 http fetch GET 200 https://registry.npmjs.org/is-number/-/is-number-7.0.0.tgz 177ms (cache miss)
1331 http fetch GET 200 https://registry.npmjs.org/@types/estree/-/estree-1.0.8.tgz 227ms (cache miss)
1332 http fetch GET 200 https://registry.npmjs.org/escalade/-/escalade-3.2.0.tgz 239ms (cache miss)
1333 http fetch GET 200 https://registry.npmjs.org/mz/-/mz-2.7.0.tgz 240ms (cache miss)
1334 http fetch GET 200 https://registry.npmjs.org/any-promise/-/any-promise-1.3.0.tgz 242ms (cache miss)
1335 http fetch GET 200 https://registry.npmjs.org/queue-microtask/-/queue-microtask-1.2.3.tgz 241ms (cache miss)
1336 http fetch GET 200 https://registry.npmjs.org/esbuild/-/esbuild-0.25.12.tgz 254ms (cache miss)
1337 http fetch GET 200 https://registry.npmjs.org/lines-and-columns/-/lines-and-columns-1.2.4.tgz 250ms (cache miss)
1338 http fetch GET 200 https://registry.npmjs.org/function-bind/-/function-bind-1.1.2.tgz 249ms (cache miss)
1339 http fetch GET 200 https://registry.npmjs.org/hasown/-/hasown-2.0.2.tgz 258ms (cache miss)
1340 http fetch GET 200 https://registry.npmjs.org/commander/-/commander-4.1.1.tgz 297ms (cache miss)
1341 http fetch GET 200 https://registry.npmjs.org/path-parse/-/path-parse-1.0.7.tgz 311ms (cache miss)
1342 http fetch GET 200 https://registry.npmjs.org/is-core-module/-/is-core-module-2.16.1.tgz 323ms (cache miss)
1343 http fetch GET 200 https://registry.npmjs.org/util-deprecate/-/util-deprecate-1.0.2.tgz 323ms (cache miss)
1344 http fetch GET 200 https://registry.npmjs.org/object-assign/-/object-assign-4.1.1.tgz 346ms (cache miss)
1345 http fetch GET 200 https://registry.npmjs.org/read-cache/-/read-cache-1.0.0.tgz 339ms (cache miss)
1346 http fetch GET 200 https://registry.npmjs.org/camelcase-css/-/camelcase-css-2.0.1.tgz 339ms (cache miss)
1347 http fetch GET 200 https://registry.npmjs.org/supports-preserve-symlinks-flag/-/supports-preserve-symlinks-flag-1.0.0.tgz 343ms (cache miss)
1348 http fetch GET 200 https://registry.npmjs.org/pirates/-/pirates-4.0.7.tgz 356ms (cache miss)
1349 http fetch GET 200 https://registry.npmjs.org/pify/-/pify-2.3.0.tgz 360ms (cache miss)
1350 http fetch GET 200 https://registry.npmjs.org/cssesc/-/cssesc-3.0.0.tgz 382ms (cache miss)
1351 http fetch GET 200 https://registry.npmjs.org/reusify/-/reusify-1.1.0.tgz 395ms (cache miss)
1352 http fetch GET 200 https://registry.npmjs.org/binary-extensions/-/binary-extensions-2.3.0.tgz 401ms (cache miss)
1353 http fetch GET 200 https://registry.npmjs.org/tinyglobby/-/tinyglobby-0.2.15.tgz 420ms (cache miss)
1354 http fetch GET 200 https://registry.npmjs.org/fill-range/-/fill-range-7.1.1.tgz 410ms (cache miss)
1355 http fetch GET 200 https://registry.npmjs.org/to-regex-range/-/to-regex-range-5.0.1.tgz 421ms (cache miss)
1356 http fetch GET 200 https://registry.npmjs.org/merge2/-/merge2-1.4.1.tgz 421ms (cache miss)
1357 http fetch GET 200 https://registry.npmjs.org/run-parallel/-/run-parallel-1.2.0.tgz 433ms (cache miss)
1358 http fetch GET 200 https://registry.npmjs.org/@nodelib/fs.walk/-/fs.walk-1.2.8.tgz 436ms (cache miss)
1359 http fetch GET 200 https://registry.npmjs.org/is-binary-path/-/is-binary-path-2.1.0.tgz 446ms (cache miss)
1360 http fetch GET 200 https://registry.npmjs.org/postcss-nested/-/postcss-nested-6.2.0.tgz 451ms (cache miss)
1361 http fetch GET 200 https://registry.npmjs.org/anymatch/-/anymatch-3.1.3.tgz 452ms (cache miss)
1362 http fetch GET 200 https://registry.npmjs.org/is-extglob/-/is-extglob-2.1.1.tgz 460ms (cache miss)
1363 http fetch GET 200 https://registry.npmjs.org/ts-interface-checker/-/ts-interface-checker-0.1.13.tgz 477ms (cache miss)
1364 http fetch GET 200 https://registry.npmjs.org/postcss-js/-/postcss-js-4.1.0.tgz 467ms (cache miss)
1365 http fetch GET 200 https://registry.npmjs.org/readdirp/-/readdirp-3.6.0.tgz 516ms (cache miss)
1366 http fetch GET 200 https://registry.npmjs.org/micromatch/-/micromatch-4.0.8.tgz 512ms (cache miss)
1367 http fetch GET 200 https://registry.npmjs.org/glob-parent/-/glob-parent-6.0.2.tgz 520ms (cache miss)
1368 http fetch GET 200 https://registry.npmjs.org/dlv/-/dlv-1.1.3.tgz 523ms (cache miss)
1369 http fetch GET 200 https://registry.npmjs.org/is-glob/-/is-glob-4.0.3.tgz 526ms (cache miss)
1370 http fetch GET 200 https://registry.npmjs.org/normalize-path/-/normalize-path-3.0.0.tgz 525ms (cache miss)
1371 http fetch GET 200 https://registry.npmjs.org/lilconfig/-/lilconfig-3.1.3.tgz 529ms (cache miss)
1372 http fetch GET 200 https://registry.npmjs.org/object-hash/-/object-hash-3.0.0.tgz 534ms (cache miss)
1373 http fetch GET 200 https://registry.npmjs.org/braces/-/braces-3.0.3.tgz 541ms (cache miss)
1374 http fetch GET 200 https://registry.npmjs.org/postcss-import/-/postcss-import-15.1.0.tgz 538ms (cache miss)
1375 http fetch GET 200 https://registry.npmjs.org/fastq/-/fastq-1.20.1.tgz 570ms (cache miss)
1376 http fetch GET 200 https://registry.npmjs.org/postcss-load-config/-/postcss-load-config-6.0.1.tgz 577ms (cache miss)
1377 http fetch GET 200 https://registry.npmjs.org/picomatch/-/picomatch-2.3.1.tgz 598ms (cache miss)
1378 http fetch GET 200 https://registry.npmjs.org/@alloc/quick-lru/-/quick-lru-5.2.0.tgz 587ms (cache miss)
1379 http fetch GET 200 https://registry.npmjs.org/ms/-/ms-2.1.3.tgz 583ms (cache miss)
1380 http fetch GET 200 https://registry.npmjs.org/didyoumean/-/didyoumean-1.2.2.tgz 588ms (cache miss)
1381 http fetch GET 200 https://registry.npmjs.org/nanoid/-/nanoid-3.3.11.tgz 586ms (cache miss)
1382 http fetch GET 200 https://registry.npmjs.org/loose-envify/-/loose-envify-1.4.0.tgz 589ms (cache miss)
1383 http fetch GET 200 https://registry.npmjs.org/yallist/-/yallist-3.1.1.tgz 593ms (cache miss)
1384 http fetch GET 200 https://registry.npmjs.org/arg/-/arg-5.0.2.tgz 596ms (cache miss)
1385 http fetch GET 200 https://registry.npmjs.org/node-releases/-/node-releases-2.0.36.tgz 635ms (cache miss)
1386 http fetch GET 200 https://registry.npmjs.org/postcss-value-parser/-/postcss-value-parser-4.2.0.tgz 674ms (cache miss)
1387 http fetch GET 200 https://registry.npmjs.org/chokidar/-/chokidar-3.6.0.tgz 686ms (cache miss)
1388 http fetch GET 200 https://registry.npmjs.org/@types/babel__traverse/-/babel__traverse-7.28.0.tgz 680ms (cache miss)
1389 http fetch GET 200 https://registry.npmjs.org/@rollup/rollup-win32-x64-gnu/-/rollup-win32-x64-gnu-4.59.0.tgz 723ms (cache miss)
1390 http fetch GET 200 https://registry.npmjs.org/update-browserslist-db/-/update-browserslist-db-1.2.3.tgz 695ms (cache miss)
1391 http fetch GET 200 https://registry.npmjs.org/@nodelib/fs.stat/-/fs.stat-2.0.5.tgz 728ms (cache miss)
1392 http fetch GET 200 https://registry.npmjs.org/@jridgewell/resolve-uri/-/resolve-uri-3.1.2.tgz 747ms (cache miss)
1393 http fetch GET 200 https://registry.npmjs.org/@types/babel__template/-/babel__template-7.4.4.tgz 747ms (cache miss)
1394 http fetch GET 200 https://registry.npmjs.org/@types/babel__generator/-/babel__generator-7.27.0.tgz 759ms (cache miss)
1395 http fetch GET 200 https://registry.npmjs.org/baseline-browser-mapping/-/baseline-browser-mapping-2.10.8.tgz 765ms (cache miss)
1396 http fetch GET 200 https://registry.npmjs.org/@rollup/rollup-win32-x64-msvc/-/rollup-win32-x64-msvc-4.59.0.tgz 817ms (cache miss)
1397 http fetch GET 200 https://registry.npmjs.org/@babel/helper-plugin-utils/-/helper-plugin-utils-7.28.6.tgz 774ms (cache miss)
1398 http fetch GET 200 https://registry.npmjs.org/lru-cache/-/lru-cache-5.1.1.tgz 778ms (cache miss)
1399 http fetch GET 200 https://registry.npmjs.org/@babel/helper-string-parser/-/helper-string-parser-7.27.1.tgz 781ms (cache miss)
1400 http fetch GET 200 https://registry.npmjs.org/@babel/compat-data/-/compat-data-7.29.0.tgz 781ms (cache miss)
1401 http fetch GET 200 https://registry.npmjs.org/browserslist/-/browserslist-4.28.1.tgz 804ms (cache miss)
1402 http fetch GET 200 https://registry.npmjs.org/picocolors/-/picocolors-1.1.1.tgz 805ms (cache miss)
1403 http fetch GET 200 https://registry.npmjs.org/jsesc/-/jsesc-3.1.0.tgz 810ms (cache miss)
1404 http fetch GET 200 https://registry.npmjs.org/@babel/helper-globals/-/helper-globals-7.28.0.tgz 814ms (cache miss)
1405 http fetch GET 200 https://registry.npmjs.org/@nodelib/fs.scandir/-/fs.scandir-2.1.5.tgz 846ms (cache miss)
1406 http fetch GET 200 https://registry.npmjs.org/scheduler/-/scheduler-0.23.2.tgz 833ms (cache miss)
1407 http fetch GET 200 https://registry.npmjs.org/js-tokens/-/js-tokens-4.0.0.tgz 819ms (cache miss)
1408 http fetch GET 200 https://registry.npmjs.org/electron-to-chromium/-/electron-to-chromium-1.5.313.tgz 856ms (cache miss)
1409 http fetch GET 200 https://registry.npmjs.org/source-map-js/-/source-map-js-1.2.1.tgz 863ms (cache miss)
1410 http fetch GET 200 https://registry.npmjs.org/debug/-/debug-4.4.3.tgz 875ms (cache miss)
1411 http fetch GET 200 https://registry.npmjs.org/gensync/-/gensync-1.0.0-beta.2.tgz 881ms (cache miss)
1412 http fetch GET 200 https://registry.npmjs.org/convert-source-map/-/convert-source-map-2.0.0.tgz 886ms (cache miss)
1413 http fetch GET 200 https://registry.npmjs.org/@babel/helper-validator-identifier/-/helper-validator-identifier-7.28.5.tgz 907ms (cache miss)
1414 http fetch GET 200 https://registry.npmjs.org/semver/-/semver-6.3.1.tgz 912ms (cache miss)
1415 http fetch GET 200 https://registry.npmjs.org/@babel/code-frame/-/code-frame-7.29.0.tgz 908ms (cache miss)
1416 http fetch GET 200 https://registry.npmjs.org/@babel/helper-module-imports/-/helper-module-imports-7.28.6.tgz 940ms (cache miss)
1417 http fetch GET 200 https://registry.npmjs.org/react-refresh/-/react-refresh-0.17.0.tgz 935ms (cache miss)
1418 http fetch GET 200 https://registry.npmjs.org/@babel/helper-validator-option/-/helper-validator-option-7.27.1.tgz 962ms (cache miss)
1419 http fetch GET 200 https://registry.npmjs.org/fraction.js/-/fraction.js-5.3.4.tgz 975ms (cache miss)
1420 http fetch GET 200 https://registry.npmjs.org/@babel/plugin-transform-react-jsx-source/-/plugin-transform-react-jsx-source-7.27.1.tgz 964ms (cache miss)
1421 http fetch GET 200 https://registry.npmjs.org/jiti/-/jiti-1.21.7.tgz 1035ms (cache miss)
1422 http fetch GET 200 https://registry.npmjs.org/@jridgewell/sourcemap-codec/-/sourcemap-codec-1.5.5.tgz 1065ms (cache miss)
1423 http fetch GET 200 https://registry.npmjs.org/@rolldown/pluginutils/-/pluginutils-1.0.0-beta.27.tgz 1055ms (cache miss)
1424 http fetch GET 200 https://registry.npmjs.org/@types/babel__core/-/babel__core-7.20.5.tgz 1060ms (cache miss)
1425 http fetch GET 200 https://registry.npmjs.org/@babel/helper-compilation-targets/-/helper-compilation-targets-7.28.6.tgz 1076ms (cache miss)
1426 http fetch GET 200 https://registry.npmjs.org/glob-parent/-/glob-parent-5.1.2.tgz 1072ms (cache miss)
1427 http fetch GET 200 https://registry.npmjs.org/@babel/plugin-transform-react-jsx-self/-/plugin-transform-react-jsx-self-7.27.1.tgz 1088ms (cache miss)
1428 http fetch GET 200 https://registry.npmjs.org/@babel/template/-/template-7.28.6.tgz 1100ms (cache miss)
1429 http fetch GET 200 https://registry.npmjs.org/@babel/helper-module-transforms/-/helper-module-transforms-7.28.6.tgz 1103ms (cache miss)
1430 http fetch GET 200 https://registry.npmjs.org/postcss-selector-parser/-/postcss-selector-parser-6.1.2.tgz 1136ms (cache miss)
1431 http fetch GET 200 https://registry.npmjs.org/fdir/-/fdir-6.5.0.tgz 1094ms (cache miss)
1432 http fetch GET 200 https://registry.npmjs.org/json5/-/json5-2.2.3.tgz 1126ms (cache miss)
1433 http fetch GET 200 https://registry.npmjs.org/@vitejs/plugin-react/-/plugin-react-4.7.0.tgz 1126ms (cache miss)
1434 http fetch GET 200 https://registry.npmjs.org/rollup/-/rollup-4.59.0.tgz 1192ms (cache miss)
1435 http fetch GET 200 https://registry.npmjs.org/picomatch/-/picomatch-4.0.3.tgz 1139ms (cache miss)
1436 http fetch GET 200 https://registry.npmjs.org/react/-/react-18.3.1.tgz 1166ms (cache miss)
1437 http fetch GET 200 https://registry.npmjs.org/@babel/parser/-/parser-7.29.2.tgz 1184ms (cache miss)
1438 http fetch GET 200 https://registry.npmjs.org/picomatch/-/picomatch-4.0.3.tgz 1173ms (cache miss)
1439 http fetch GET 200 https://registry.npmjs.org/@jridgewell/gen-mapping/-/gen-mapping-0.3.13.tgz 1199ms (cache miss)
1440 http fetch GET 200 https://registry.npmjs.org/@jridgewell/remapping/-/remapping-2.3.5.tgz 1245ms (cache miss)
1441 http fetch GET 200 https://registry.npmjs.org/glob-parent/-/glob-parent-5.1.2.tgz 1231ms (cache miss)
1442 http fetch GET 200 https://registry.npmjs.org/fdir/-/fdir-6.5.0.tgz 1272ms (cache miss)
1443 http fetch GET 200 https://registry.npmjs.org/@jridgewell/trace-mapping/-/trace-mapping-0.3.31.tgz 1364ms (cache miss)
1444 http fetch GET 200 https://registry.npmjs.org/fast-glob/-/fast-glob-3.3.3.tgz 1410ms (cache miss)
1445 http fetch GET 200 https://registry.npmjs.org/postcss/-/postcss-8.5.8.tgz 1469ms (cache miss)
1446 http fetch GET 200 https://registry.npmjs.org/@babel/generator/-/generator-7.29.1.tgz 1503ms (cache miss)
1447 http fetch GET 200 https://registry.npmjs.org/@esbuild/win32-x64/-/win32-x64-0.25.12.tgz 1602ms (cache miss)
1448 http fetch GET 200 https://registry.npmjs.org/vite/-/vite-6.4.1.tgz 1594ms (cache miss)
1449 http fetch GET 200 https://registry.npmjs.org/@babel/traverse/-/traverse-7.29.0.tgz 1605ms (cache miss)
1450 http fetch GET 200 https://registry.npmjs.org/resolve/-/resolve-1.22.11.tgz 1672ms (cache miss)
1451 http fetch GET 200 https://registry.npmjs.org/react-dom/-/react-dom-18.3.1.tgz 1665ms (cache miss)
1452 http fetch GET 200 https://registry.npmjs.org/autoprefixer/-/autoprefixer-10.4.27.tgz 1659ms (cache miss)
1453 http fetch GET 200 https://registry.npmjs.org/@babel/core/-/core-7.29.0.tgz 1816ms (cache miss)
1454 http fetch GET 200 https://registry.npmjs.org/sucrase/-/sucrase-3.35.1.tgz 2006ms (cache miss)
1455 http fetch GET 200 https://registry.npmjs.org/@babel/types/-/types-7.29.0.tgz 1983ms (cache miss)
1456 http fetch GET 200 https://registry.npmjs.org/@babel/helpers/-/helpers-7.29.2.tgz 2055ms (cache miss)
1457 http fetch GET 200 https://registry.npmjs.org/tailwindcss/-/tailwindcss-3.4.19.tgz 2094ms (cache miss)
1458 http fetch GET 200 https://registry.npmjs.org/caniuse-lite/-/caniuse-lite-1.0.30001780.tgz 3233ms (cache miss)
1459 info run esbuild@0.25.12 postinstall node_modules/esbuild node install.js
1460 info run esbuild@0.25.12 postinstall { code: 0, signal: null }
1461 silly ADD node_modules/@types/estree
1462 silly ADD node_modules/@rollup/rollup-win32-x64-msvc
1463 silly ADD node_modules/@rollup/rollup-win32-x64-gnu
1464 silly ADD node_modules/@esbuild/win32-x64
1465 silly ADD node_modules/rollup
1466 silly ADD node_modules/esbuild
1467 silly ADD node_modules/escalade
1468 silly ADD node_modules/is-number
1469 silly ADD node_modules/thenify
1470 silly ADD node_modules/thenify-all
1471 silly ADD node_modules/object-assign
1472 silly ADD node_modules/any-promise
1473 silly ADD node_modules/ts-interface-checker
1474 silly ADD node_modules/tinyglobby
1475 silly ADD node_modules/tinyglobby/node_modules/picomatch
1476 silly ADD node_modules/tinyglobby/node_modules/fdir
1477 silly ADD node_modules/pirates
1478 silly ADD node_modules/mz
1479 silly ADD node_modules/lines-and-columns
1480 silly ADD node_modules/commander
1481 silly ADD node_modules/queue-microtask
1482 silly ADD node_modules/function-bind
1483 silly ADD node_modules/hasown
1484 silly ADD node_modules/supports-preserve-symlinks-flag
1485 silly ADD node_modules/path-parse
1486 silly ADD node_modules/is-core-module
1487 silly ADD node_modules/pify
1488 silly ADD node_modules/util-deprecate
1489 silly ADD node_modules/cssesc
1490 silly ADD node_modules/camelcase-css
1491 silly ADD node_modules/read-cache
1492 silly ADD node_modules/is-extglob
1493 silly ADD node_modules/binary-extensions
1494 silly ADD node_modules/to-regex-range
1495 silly ADD node_modules/reusify
1496 silly ADD node_modules/run-parallel
1497 silly ADD node_modules/fastq
1498 silly ADD node_modules/@nodelib/fs.scandir
1499 silly ADD node_modules/merge2
1500 silly ADD node_modules/@nodelib/fs.walk
1501 silly ADD node_modules/@nodelib/fs.stat
1502 silly ADD node_modules/fill-range
1503 silly ADD node_modules/picomatch
1504 silly ADD node_modules/readdirp
1505 silly ADD node_modules/is-binary-path
1506 silly ADD node_modules/braces
1507 silly ADD node_modules/anymatch
1508 silly ADD node_modules/sucrase
1509 silly ADD node_modules/resolve
1510 silly ADD node_modules/postcss-selector-parser
1511 silly ADD node_modules/postcss-nested
1512 silly ADD node_modules/postcss-load-config
1513 silly ADD node_modules/postcss-js
1514 silly ADD node_modules/postcss-import
1515 silly ADD node_modules/object-hash
1516 silly ADD node_modules/normalize-path
1517 silly ADD node_modules/micromatch
1518 silly ADD node_modules/lilconfig
1519 silly ADD node_modules/jiti
1520 silly ADD node_modules/is-glob
1521 silly ADD node_modules/glob-parent
1522 silly ADD node_modules/fast-glob
1523 silly ADD node_modules/fast-glob/node_modules/glob-parent
1524 silly ADD node_modules/dlv
1525 silly ADD node_modules/didyoumean
1526 silly ADD node_modules/chokidar
1527 silly ADD node_modules/chokidar/node_modules/glob-parent
1528 silly ADD node_modules/arg
1529 silly ADD node_modules/@alloc/quick-lru
1530 silly ADD node_modules/scheduler
1531 silly ADD node_modules/loose-envify
1532 silly ADD node_modules/source-map-js
1533 silly ADD node_modules/nanoid
1534 silly ADD node_modules/yallist
1535 silly ADD node_modules/ms
1536 silly ADD node_modules/update-browserslist-db
1537 silly ADD node_modules/node-releases
1538 silly ADD node_modules/electron-to-chromium
1539 silly ADD node_modules/baseline-browser-mapping
1540 silly ADD node_modules/postcss-value-parser
1541 silly ADD node_modules/fraction.js
1542 silly ADD node_modules/caniuse-lite
1543 silly ADD node_modules/@types/babel__traverse
1544 silly ADD node_modules/@types/babel__template
1545 silly ADD node_modules/@types/babel__generator
1546 silly ADD node_modules/@jridgewell/resolve-uri
1547 silly ADD node_modules/@jridgewell/sourcemap-codec
1548 silly ADD node_modules/@babel/helper-string-parser
1549 silly ADD node_modules/@babel/helper-globals
1550 silly ADD node_modules/@babel/helper-plugin-utils
1551 silly ADD node_modules/@babel/helper-module-imports
1552 silly ADD node_modules/lru-cache
1553 silly ADD node_modules/browserslist
1554 silly ADD node_modules/@babel/helper-validator-option
1555 silly ADD node_modules/@babel/compat-data
1556 silly ADD node_modules/jsesc
1557 silly ADD node_modules/@jridgewell/trace-mapping
1558 silly ADD node_modules/@jridgewell/gen-mapping
1559 silly ADD node_modules/picocolors
1560 silly ADD node_modules/js-tokens
1561 silly ADD node_modules/@babel/helper-validator-identifier
1562 silly ADD node_modules/semver
1563 silly ADD node_modules/json5
1564 silly ADD node_modules/gensync
1565 silly ADD node_modules/debug
1566 silly ADD node_modules/convert-source-map
1567 silly ADD node_modules/@jridgewell/remapping
1568 silly ADD node_modules/@babel/types
1569 silly ADD node_modules/@babel/traverse
1570 silly ADD node_modules/@babel/template
1571 silly ADD node_modules/@babel/parser
1572 silly ADD node_modules/@babel/helpers
1573 silly ADD node_modules/@babel/helper-module-transforms
1574 silly ADD node_modules/@babel/helper-compilation-targets
1575 silly ADD node_modules/@babel/generator
1576 silly ADD node_modules/@babel/code-frame
1577 silly ADD node_modules/react-refresh
1578 silly ADD node_modules/@types/babel__core
1579 silly ADD node_modules/@rolldown/pluginutils
1580 silly ADD node_modules/@babel/plugin-transform-react-jsx-source
1581 silly ADD node_modules/@babel/plugin-transform-react-jsx-self
1582 silly ADD node_modules/@babel/core
1583 silly ADD node_modules/tailwindcss
1584 silly ADD node_modules/react-dom
1585 silly ADD node_modules/react
1586 silly ADD node_modules/postcss
1587 silly ADD node_modules/autoprefixer
1588 silly ADD node_modules/vite
1589 silly ADD node_modules/vite/node_modules/picomatch
1590 silly ADD node_modules/vite/node_modules/fdir
1591 silly ADD node_modules/@vitejs/plugin-react
1592 verbose cwd C:\APP\Lunatierra\frontend
1593 verbose os Windows_NT 10.0.26200
1594 verbose node v24.13.0
1595 verbose npm  v11.6.2
1596 notice
1596 notice New minor version of npm available! 11.6.2 -> 11.11.1
1596 notice Changelog: https://github.com/npm/cli/releases/tag/v11.11.1
1596 notice To update run: npm install -g npm@11.11.1
1596 notice  { force: true, Symbol(proc-log.meta): true }
1597 verbose exit 0
1598 info ok
